filename,x1,y1,x2,y2,mode,url
leo_ezO4YzIjM8k_1036.jpg,76,48,355,244,FULL FRAME,https://www.youtube.com/watch?v=ezO4YzIjM8k
leo_ezO4YzIjM8k_1998.jpg,82,74,365,249,FULL FRAME,https://www.youtube.com/watch?v=ezO4YzIjM8k
leo_7kjlRgjQ0Vc_645.jpg,346,100,529,204,FULL FRAME,https://www.youtube.com/watch?v=7kjlRgjQ0Vc
leo_7kjlRgjQ0Vc_688.jpg,334,71,499,195,FULL FRAME,https://www.youtube.com/watch?v=7kjlRgjQ0Vc
leo_7kjlRgjQ0Vc_731.jpg,343,60,523,199,FULL FRAME,https://www.youtube.com/watch?v=7kjlRgjQ0Vc
leo_7kjlRgjQ0Vc_774.jpg,390,68,588,240,FULL FRAME,https://www.youtube.com/watch?v=7kjlRgjQ0Vc
leo_7kjlRgjQ0Vc_817.jpg,404,68,616,242,FULL FRAME,https://www.youtube.com/watch?v=7kjlRgjQ0Vc
leo_7kjlRgjQ0Vc_860.jpg,377,56,608,229,FULL FRAME,https://www.youtube.com/watch?v=7kjlRgjQ0Vc
leo_7kjlRgjQ0Vc_11051.jpg,73,68,454,318,FULL FRAME,https://www.youtube.com/watch?v=7kjlRgjQ0Vc
leo_7kjlRgjQ0Vc_27649.jpg,234,64,340,184,FULL FRAME,https://www.youtube.com/watch?v=7kjlRgjQ0Vc
leo_7kjlRgjQ0Vc_27692.jpg,233,51,339,184,FULL FRAME,https://www.youtube.com/watch?v=7kjlRgjQ0Vc
leo_7kjlRgjQ0Vc_27778.jpg,232,115,329,241,FULL FRAME,https://www.youtube.com/watch?v=7kjlRgjQ0Vc
leo_7kjlRgjQ0Vc_28208.jpg,225,107,304,233,FULL FRAME,https://www.youtube.com/watch?v=7kjlRgjQ0Vc
leo_7kjlRgjQ0Vc_28337.jpg,219,100,296,219,FULL FRAME,https://www.youtube.com/watch?v=7kjlRgjQ0Vc
leo_7kjlRgjQ0Vc_28466.jpg,273,70,413,244,FULL FRAME,https://www.youtube.com/watch?v=7kjlRgjQ0Vc
leo_7kjlRgjQ0Vc_28767.jpg,268,70,344,209,FULL FRAME,https://www.youtube.com/watch?v=7kjlRgjQ0Vc
leo_7kjlRgjQ0Vc_31089.jpg,388,68,584,240,FULL FRAME,https://www.youtube.com/watch?v=7kjlRgjQ0Vc
leo_7kjlRgjQ0Vc_31347.jpg,416,123,639,283,FULL FRAME,https://www.youtube.com/watch?v=7kjlRgjQ0Vc
leo_7kjlRgjQ0Vc_31390.jpg,399,128,609,211,FULL FRAME,https://www.youtube.com/watch?v=7kjlRgjQ0Vc
leo_7kjlRgjQ0Vc_31433.jpg,393,127,610,209,FULL FRAME,https://www.youtube.com/watch?v=7kjlRgjQ0Vc
leo_7kjlRgjQ0Vc_31648.jpg,459,39,613,209,FULL FRAME,https://www.youtube.com/watch?v=7kjlRgjQ0Vc
leo_7kjlRgjQ0Vc_31691.jpg,379,40,541,204,FULL FRAME,https://www.youtube.com/watch?v=7kjlRgjQ0Vc
leo_7kjlRgjQ0Vc_31906.jpg,315,188,519,278,FULL FRAME,https://www.youtube.com/watch?v=7kjlRgjQ0Vc
leo_7kjlRgjQ0Vc_32035.jpg,304,157,502,247,FULL FRAME,https://www.youtube.com/watch?v=7kjlRgjQ0Vc
leo_7kjlRgjQ0Vc_32164.jpg,60,117,480,274,FULL FRAME,https://www.youtube.com/watch?v=7kjlRgjQ0Vc
leo_MgJF_Rxv6xU_14578.jpg,223,118,639,304,FULL FRAME,https://www.youtube.com/watch?v=MgJF_Rxv6xU
leo_x1nrKR96It8_0.jpg,249,46,639,216,FULL FRAME,https://www.youtube.com/watch?v=x1nrKR96It8
leo_x1nrKR96It8_15165.jpg,0,0,640,354,FULL FRAME,https://www.youtube.com/watch?v=x1nrKR96It8
leo_x1nrKR96It8_15705.jpg,1,0,639,354,FULL FRAME,https://www.youtube.com/watch?v=x1nrKR96It8
leo_x1nrKR96It8_16380.jpg,37,1,625,354,FULL FRAME,https://www.youtube.com/watch?v=x1nrKR96It8
leo_x1nrKR96It8_40140.jpg,1,0,516,354,FULL FRAME,https://www.youtube.com/watch?v=x1nrKR96It8
leo_x1nrKR96It8_41040.jpg,1,0,493,349,FULL FRAME,https://www.youtube.com/watch?v=x1nrKR96It8
leo_LQeTvNym8d0_444.jpg,214,0,634,354,FULL FRAME,https://www.youtube.com/watch?v=LQeTvNym8d0
leo_LQeTvNym8d0_481.jpg,66,1,462,352,FULL FRAME,https://www.youtube.com/watch?v=LQeTvNym8d0
leo_LQeTvNym8d0_518.jpg,1,0,386,354,FULL FRAME,https://www.youtube.com/watch?v=LQeTvNym8d0
leo_a02O93lfvJ4_185.jpg,151,108,336,204,FULL FRAME,https://www.youtube.com/watch?v=a02O93lfvJ4
leo_a02O93lfvJ4_555.jpg,219,3,380,92,FULL FRAME,https://www.youtube.com/watch?v=a02O93lfvJ4
leo_a02O93lfvJ4_703.jpg,187,42,418,161,FULL FRAME,https://www.youtube.com/watch?v=a02O93lfvJ4
leo_a02O93lfvJ4_888.jpg,303,86,622,228,SURGICAL CROP,https://www.youtube.com/watch?v=a02O93lfvJ4
leo_a02O93lfvJ4_1110.jpg,146,58,388,176,FULL FRAME,https://www.youtube.com/watch?v=a02O93lfvJ4
leo_a02O93lfvJ4_1295.jpg,69,79,413,211,FULL FRAME,https://www.youtube.com/watch?v=a02O93lfvJ4
leo_a02O93lfvJ4_1369.jpg,131,46,473,203,FULL FRAME,https://www.youtube.com/watch?v=a02O93lfvJ4
leo_a02O93lfvJ4_1554.jpg,185,91,639,311,FULL FRAME,https://www.youtube.com/watch?v=a02O93lfvJ4
leo_a02O93lfvJ4_1591.jpg,214,73,639,293,FULL FRAME,https://www.youtube.com/watch?v=a02O93lfvJ4
leo_a02O93lfvJ4_1628.jpg,235,61,639,281,FULL FRAME,https://www.youtube.com/watch?v=a02O93lfvJ4
leo_a02O93lfvJ4_1665.jpg,237,7,639,277,FULL FRAME,https://www.youtube.com/watch?v=a02O93lfvJ4
leo_a02O93lfvJ4_1739.jpg,193,68,639,287,FULL FRAME,https://www.youtube.com/watch?v=a02O93lfvJ4
leo_a02O93lfvJ4_2035.jpg,100,3,639,331,FULL FRAME,https://www.youtube.com/watch?v=a02O93lfvJ4
leo_a02O93lfvJ4_2072.jpg,19,31,639,288,FULL FRAME,https://www.youtube.com/watch?v=a02O93lfvJ4
leo_a02O93lfvJ4_2109.jpg,21,49,640,315,FULL FRAME,https://www.youtube.com/watch?v=a02O93lfvJ4
leo_a02O93lfvJ4_2146.jpg,16,110,639,313,FULL FRAME,https://www.youtube.com/watch?v=a02O93lfvJ4
leo_a02O93lfvJ4_2220.jpg,19,50,640,267,FULL FRAME,https://www.youtube.com/watch?v=a02O93lfvJ4
leo_a02O93lfvJ4_2257.jpg,9,15,639,252,FULL FRAME,https://www.youtube.com/watch?v=a02O93lfvJ4
leo_a02O93lfvJ4_2368.jpg,13,0,639,228,FULL FRAME,https://www.youtube.com/watch?v=a02O93lfvJ4
leo_a02O93lfvJ4_2442.jpg,21,67,639,314,FULL FRAME,https://www.youtube.com/watch?v=a02O93lfvJ4
leo_a02O93lfvJ4_2516.jpg,0,95,639,287,FULL FRAME,https://www.youtube.com/watch?v=a02O93lfvJ4
leo_a02O93lfvJ4_2664.jpg,61,102,640,325,FULL FRAME,https://www.youtube.com/watch?v=a02O93lfvJ4
leo_kj_UrVSgboM_222.jpg,0,41,204,178,FULL FRAME,https://www.youtube.com/watch?v=kj_UrVSgboM
leo_E-7gikWF4hE_37.jpg,177,0,533,274,FULL FRAME,https://www.youtube.com/watch?v=E-7gikWF4hE
leo_ujwG-EAK7cg_45.jpg,214,0,639,348,FULL FRAME,https://www.youtube.com/watch?v=ujwG-EAK7cg
leo_ujwG-EAK7cg_1485.jpg,274,0,637,354,FULL FRAME,https://www.youtube.com/watch?v=ujwG-EAK7cg
leo_ujwG-EAK7cg_2700.jpg,138,0,476,352,FULL FRAME,https://www.youtube.com/watch?v=ujwG-EAK7cg
leo_ujwG-EAK7cg_3645.jpg,0,0,214,345,FULL FRAME,https://www.youtube.com/watch?v=ujwG-EAK7cg
leo_ujwG-EAK7cg_4230.jpg,61,11,509,331,FULL FRAME,https://www.youtube.com/watch?v=ujwG-EAK7cg
leo_ujwG-EAK7cg_4680.jpg,5,45,325,325,FULL FRAME,https://www.youtube.com/watch?v=ujwG-EAK7cg
leo_ujwG-EAK7cg_4725.jpg,0,44,327,326,FULL FRAME,https://www.youtube.com/watch?v=ujwG-EAK7cg
leo_ujwG-EAK7cg_4725.jpg,324,45,639,326,FULL FRAME,https://www.youtube.com/watch?v=ujwG-EAK7cg
leo_ujwG-EAK7cg_4770.jpg,30,37,326,328,FULL FRAME,https://www.youtube.com/watch?v=ujwG-EAK7cg
leo_ujwG-EAK7cg_4815.jpg,335,38,633,327,FULL FRAME,https://www.youtube.com/watch?v=ujwG-EAK7cg
leo_ujwG-EAK7cg_4860.jpg,1,19,367,354,FULL FRAME,https://www.youtube.com/watch?v=ujwG-EAK7cg
leo_ujwG-EAK7cg_4905.jpg,1,16,427,352,FULL FRAME,https://www.youtube.com/watch?v=ujwG-EAK7cg
leo_ujwG-EAK7cg_5310.jpg,2,1,639,351,FULL FRAME,https://www.youtube.com/watch?v=ujwG-EAK7cg
leo_ujwG-EAK7cg_5355.jpg,0,1,639,352,FULL FRAME,https://www.youtube.com/watch?v=ujwG-EAK7cg
leo_ujwG-EAK7cg_5445.jpg,96,0,624,353,FULL FRAME,https://www.youtube.com/watch?v=ujwG-EAK7cg
leo_ujwG-EAK7cg_5670.jpg,5,1,408,351,FULL FRAME,https://www.youtube.com/watch?v=ujwG-EAK7cg
leo_ujwG-EAK7cg_5715.jpg,2,0,405,354,FULL FRAME,https://www.youtube.com/watch?v=ujwG-EAK7cg
leo_ujwG-EAK7cg_5760.jpg,24,0,417,353,FULL FRAME,https://www.youtube.com/watch?v=ujwG-EAK7cg
leo_ujwG-EAK7cg_6660.jpg,0,22,385,354,FULL FRAME,https://www.youtube.com/watch?v=ujwG-EAK7cg
leo_ujwG-EAK7cg_6705.jpg,0,17,407,354,FULL FRAME,https://www.youtube.com/watch?v=ujwG-EAK7cg
leo_ujwG-EAK7cg_7110.jpg,3,0,639,353,FULL FRAME,https://www.youtube.com/watch?v=ujwG-EAK7cg
leo_ujwG-EAK7cg_7200.jpg,51,0,583,354,FULL FRAME,https://www.youtube.com/watch?v=ujwG-EAK7cg
leo_ujwG-EAK7cg_7290.jpg,52,0,593,351,FULL FRAME,https://www.youtube.com/watch?v=ujwG-EAK7cg
leo_ujwG-EAK7cg_7335.jpg,7,0,604,352,FULL FRAME,https://www.youtube.com/watch?v=ujwG-EAK7cg
leo_ujwG-EAK7cg_7380.jpg,61,0,609,354,FULL FRAME,https://www.youtube.com/watch?v=ujwG-EAK7cg
leo_ujwG-EAK7cg_7425.jpg,47,1,468,351,FULL FRAME,https://www.youtube.com/watch?v=ujwG-EAK7cg
leo_ujwG-EAK7cg_7470.jpg,72,0,500,354,FULL FRAME,https://www.youtube.com/watch?v=ujwG-EAK7cg
leo_ujwG-EAK7cg_7515.jpg,59,1,515,354,FULL FRAME,https://www.youtube.com/watch?v=ujwG-EAK7cg
leo_ujwG-EAK7cg_7560.jpg,55,1,609,353,FULL FRAME,https://www.youtube.com/watch?v=ujwG-EAK7cg
leo_ujwG-EAK7cg_8865.jpg,74,0,307,353,FULL FRAME,https://www.youtube.com/watch?v=ujwG-EAK7cg
leo_ujwG-EAK7cg_8955.jpg,0,1,374,354,FULL FRAME,https://www.youtube.com/watch?v=ujwG-EAK7cg
leo_ujwG-EAK7cg_9000.jpg,118,0,430,354,FULL FRAME,https://www.youtube.com/watch?v=ujwG-EAK7cg
leo_ujwG-EAK7cg_9090.jpg,2,0,435,355,FULL FRAME,https://www.youtube.com/watch?v=ujwG-EAK7cg
leo_ujwG-EAK7cg_9135.jpg,0,0,431,355,FULL FRAME,https://www.youtube.com/watch?v=ujwG-EAK7cg
leo_ujwG-EAK7cg_9360.jpg,0,7,440,351,FULL FRAME,https://www.youtube.com/watch?v=ujwG-EAK7cg
leo_ujwG-EAK7cg_9450.jpg,1,7,419,352,FULL FRAME,https://www.youtube.com/watch?v=ujwG-EAK7cg
leo_ujwG-EAK7cg_9585.jpg,0,1,638,353,SURGICAL CROP,https://www.youtube.com/watch?v=ujwG-EAK7cg
leo_ujwG-EAK7cg_11880.jpg,202,0,504,354,FULL FRAME,https://www.youtube.com/watch?v=ujwG-EAK7cg
leo_ujwG-EAK7cg_12105.jpg,6,18,430,352,FULL FRAME,https://www.youtube.com/watch?v=ujwG-EAK7cg
leo_ujwG-EAK7cg_12150.jpg,14,15,432,353,FULL FRAME,https://www.youtube.com/watch?v=ujwG-EAK7cg
leo_ujwG-EAK7cg_13095.jpg,263,22,639,350,FULL FRAME,https://www.youtube.com/watch?v=ujwG-EAK7cg
leo_ujwG-EAK7cg_13140.jpg,259,15,638,349,FULL FRAME,https://www.youtube.com/watch?v=ujwG-EAK7cg
leo_ujwG-EAK7cg_13230.jpg,198,13,640,352,FULL FRAME,https://www.youtube.com/watch?v=ujwG-EAK7cg
leo_ujwG-EAK7cg_13410.jpg,206,6,634,346,FULL FRAME,https://www.youtube.com/watch?v=ujwG-EAK7cg
leo_ujwG-EAK7cg_13680.jpg,188,13,557,324,FULL FRAME,https://www.youtube.com/watch?v=ujwG-EAK7cg
leo_ujwG-EAK7cg_13815.jpg,194,33,377,355,FULL FRAME,https://www.youtube.com/watch?v=ujwG-EAK7cg
leo_ujwG-EAK7cg_15165.jpg,189,1,639,354,FULL FRAME,https://www.youtube.com/watch?v=ujwG-EAK7cg
leo_ujwG-EAK7cg_15255.jpg,49,160,468,356,FULL FRAME,https://www.youtube.com/watch?v=ujwG-EAK7cg
leo_ujwG-EAK7cg_15300.jpg,2,35,473,354,FULL FRAME,https://www.youtube.com/watch?v=ujwG-EAK7cg
leo_ujwG-EAK7cg_15345.jpg,2,28,467,354,FULL FRAME,https://www.youtube.com/watch?v=ujwG-EAK7cg
leo_ujwG-EAK7cg_16065.jpg,222,0,638,352,FULL FRAME,https://www.youtube.com/watch?v=ujwG-EAK7cg
leo_ujwG-EAK7cg_16110.jpg,213,1,494,353,FULL FRAME,https://www.youtube.com/watch?v=ujwG-EAK7cg
leo_ujwG-EAK7cg_16605.jpg,27,0,638,354,FULL FRAME,https://www.youtube.com/watch?v=ujwG-EAK7cg
leo_ujwG-EAK7cg_16695.jpg,11,0,639,354,FULL FRAME,https://www.youtube.com/watch?v=ujwG-EAK7cg
leo_ujwG-EAK7cg_16740.jpg,22,0,625,354,FULL FRAME,https://www.youtube.com/watch?v=ujwG-EAK7cg
leo_ujwG-EAK7cg_16785.jpg,80,0,631,355,FULL FRAME,https://www.youtube.com/watch?v=ujwG-EAK7cg
leo_ujwG-EAK7cg_16920.jpg,113,0,493,350,FULL FRAME,https://www.youtube.com/watch?v=ujwG-EAK7cg
leo_ujwG-EAK7cg_17460.jpg,152,0,467,354,FULL FRAME,https://www.youtube.com/watch?v=ujwG-EAK7cg
leo_ujwG-EAK7cg_17730.jpg,103,1,637,355,SURGICAL CROP,https://www.youtube.com/watch?v=ujwG-EAK7cg
leo_ujwG-EAK7cg_18315.jpg,133,54,639,285,FULL FRAME,https://www.youtube.com/watch?v=ujwG-EAK7cg
leo_ujwG-EAK7cg_18360.jpg,98,25,638,275,FULL FRAME,https://www.youtube.com/watch?v=ujwG-EAK7cg
leo_oC0LQYPdP_U_22815.jpg,387,63,549,293,FULL FRAME,https://www.youtube.com/watch?v=oC0LQYPdP_U
leo_oC0LQYPdP_U_22860.jpg,416,69,535,294,FULL FRAME,https://www.youtube.com/watch?v=oC0LQYPdP_U
leo_oC0LQYPdP_U_22995.jpg,176,60,355,301,FULL FRAME,https://www.youtube.com/watch?v=oC0LQYPdP_U
leo_by6bkg1gYkY_129.jpg,303,103,441,195,FULL FRAME,https://www.youtube.com/watch?v=by6bkg1gYkY
leo_UwKUuNXhzC8_3478.jpg,184,0,399,354,FULL FRAME,https://www.youtube.com/watch?v=UwKUuNXhzC8
leo_WKhCPTUrnwE_61425.jpg,526,123,628,233,FULL FRAME,https://www.youtube.com/watch?v=WKhCPTUrnwE
leo_WKhCPTUrnwE_61470.jpg,541,127,627,235,FULL FRAME,https://www.youtube.com/watch?v=WKhCPTUrnwE
leo_H93bxU06Xvw_45.jpg,177,123,283,258,FULL FRAME,https://www.youtube.com/watch?v=H93bxU06Xvw
leo_H93bxU06Xvw_4500.jpg,119,78,320,172,FULL FRAME,https://www.youtube.com/watch?v=H93bxU06Xvw
leo_H93bxU06Xvw_4635.jpg,252,67,398,138,FULL FRAME,https://www.youtube.com/watch?v=H93bxU06Xvw
leo_c1iLdyDzY-0_900.jpg,190,1,636,323,FULL FRAME,https://www.youtube.com/watch?v=c1iLdyDzY-0
leo_c1iLdyDzY-0_990.jpg,192,0,456,306,FULL FRAME,https://www.youtube.com/watch?v=c1iLdyDzY-0
leo_c1iLdyDzY-0_1035.jpg,201,1,639,316,FULL FRAME,https://www.youtube.com/watch?v=c1iLdyDzY-0
leo_c1iLdyDzY-0_1080.jpg,205,2,639,311,FULL FRAME,https://www.youtube.com/watch?v=c1iLdyDzY-0
leo_c1iLdyDzY-0_1800.jpg,24,1,630,324,FULL FRAME,https://www.youtube.com/watch?v=c1iLdyDzY-0
leo_c1iLdyDzY-0_1845.jpg,37,1,615,324,FULL FRAME,https://www.youtube.com/watch?v=c1iLdyDzY-0
leo_c1iLdyDzY-0_1935.jpg,67,1,588,324,FULL FRAME,https://www.youtube.com/watch?v=c1iLdyDzY-0
leo_c1iLdyDzY-0_3555.jpg,0,1,192,324,SURGICAL CROP,https://www.youtube.com/watch?v=c1iLdyDzY-0
leo_c1iLdyDzY-0_3645.jpg,0,1,207,324,SURGICAL CROP,https://www.youtube.com/watch?v=c1iLdyDzY-0
leo_c1iLdyDzY-0_3690.jpg,0,1,213,324,SURGICAL CROP,https://www.youtube.com/watch?v=c1iLdyDzY-0
leo_c1iLdyDzY-0_3735.jpg,0,5,139,324,SURGICAL CROP,https://www.youtube.com/watch?v=c1iLdyDzY-0
leo_c1iLdyDzY-0_3960.jpg,328,10,639,323,FULL FRAME,https://www.youtube.com/watch?v=c1iLdyDzY-0
leo_c1iLdyDzY-0_4005.jpg,335,0,639,322,SURGICAL CROP,https://www.youtube.com/watch?v=c1iLdyDzY-0
leo_c1iLdyDzY-0_4050.jpg,345,0,639,323,SURGICAL CROP,https://www.youtube.com/watch?v=c1iLdyDzY-0
leo_c1iLdyDzY-0_4320.jpg,236,1,604,310,FULL FRAME,https://www.youtube.com/watch?v=c1iLdyDzY-0
leo_HsPW3XQI_dk_1350.jpg,57,5,639,350,FULL FRAME,https://www.youtube.com/watch?v=HsPW3XQI_dk
leo_HsPW3XQI_dk_1440.jpg,152,13,488,348,FULL FRAME,https://www.youtube.com/watch?v=HsPW3XQI_dk
leo_HsPW3XQI_dk_1800.jpg,73,4,415,316,FULL FRAME,https://www.youtube.com/watch?v=HsPW3XQI_dk
leo_GzapicJwNLo_41940.jpg,218,91,635,354,FULL FRAME,https://www.youtube.com/watch?v=GzapicJwNLo
leo_GzapicJwNLo_41940.jpg,100,1,296,331,FULL FRAME,https://www.youtube.com/watch?v=GzapicJwNLo
leo_GzapicJwNLo_43785.jpg,0,45,286,354,FULL FRAME,https://www.youtube.com/watch?v=GzapicJwNLo
leo_bBpWiJ8IIFU_315.jpg,164,59,537,269,FULL FRAME,https://www.youtube.com/watch?v=bBpWiJ8IIFU
leo_bBpWiJ8IIFU_495.jpg,167,50,520,272,FULL FRAME,https://www.youtube.com/watch?v=bBpWiJ8IIFU
leo_bBpWiJ8IIFU_675.jpg,178,53,522,270,FULL FRAME,https://www.youtube.com/watch?v=bBpWiJ8IIFU
leo_bBpWiJ8IIFU_900.jpg,184,58,534,282,FULL FRAME,https://www.youtube.com/watch?v=bBpWiJ8IIFU
leo_PulpaDDet1M_4214.jpg,87,191,376,316,FULL FRAME,https://www.youtube.com/watch?v=PulpaDDet1M
leo_PulpaDDet1M_4300.jpg,97,193,400,313,FULL FRAME,https://www.youtube.com/watch?v=PulpaDDet1M
leo_PulpaDDet1M_8213.jpg,191,8,488,255,FULL FRAME,https://www.youtube.com/watch?v=PulpaDDet1M
leo_PulpaDDet1M_8256.jpg,176,10,490,253,FULL FRAME,https://www.youtube.com/watch?v=PulpaDDet1M
leo_PulpaDDet1M_8299.jpg,203,11,483,255,FULL FRAME,https://www.youtube.com/watch?v=PulpaDDet1M
leo_PulpaDDet1M_8342.jpg,213,14,485,254,FULL FRAME,https://www.youtube.com/watch?v=PulpaDDet1M
leo_HYuuFtuHOdI_2160.jpg,449,192,515,236,FULL FRAME,https://www.youtube.com/watch?v=HYuuFtuHOdI
leo_HYuuFtuHOdI_2205.jpg,396,211,461,256,FULL FRAME,https://www.youtube.com/watch?v=HYuuFtuHOdI
leo_HYuuFtuHOdI_3375.jpg,215,252,339,333,FULL FRAME,https://www.youtube.com/watch?v=HYuuFtuHOdI
leo_HYuuFtuHOdI_3465.jpg,296,225,420,312,FULL FRAME,https://www.youtube.com/watch?v=HYuuFtuHOdI
leo_HYuuFtuHOdI_3825.jpg,313,255,441,335,FULL FRAME,https://www.youtube.com/watch?v=HYuuFtuHOdI
leo_lPp_z7ql27s_450.jpg,174,24,575,354,FULL FRAME,https://www.youtube.com/watch?v=lPp_z7ql27s
leo_N7idDmzCgg4_38745.jpg,29,28,325,248,SURGICAL CROP,https://www.youtube.com/watch?v=N7idDmzCgg4
leo_yu6EWVfnm-0_333.jpg,129,0,556,350,FULL FRAME,https://www.youtube.com/watch?v=yu6EWVfnm-0
leo_yu6EWVfnm-0_2405.jpg,125,0,555,347,FULL FRAME,https://www.youtube.com/watch?v=yu6EWVfnm-0
leo_yu6EWVfnm-0_2553.jpg,132,0,638,354,FULL FRAME,https://www.youtube.com/watch?v=yu6EWVfnm-0
leo_yu6EWVfnm-0_2812.jpg,1,1,484,351,FULL FRAME,https://www.youtube.com/watch?v=yu6EWVfnm-0
leo_yu6EWVfnm-0_2886.jpg,0,0,556,352,FULL FRAME,https://www.youtube.com/watch?v=yu6EWVfnm-0
leo_yu6EWVfnm-0_3330.jpg,174,15,514,354,FULL FRAME,https://www.youtube.com/watch?v=yu6EWVfnm-0
leo_yu6EWVfnm-0_4773.jpg,102,1,471,355,FULL FRAME,https://www.youtube.com/watch?v=yu6EWVfnm-0
leo_yu6EWVfnm-0_4810.jpg,110,2,443,355,FULL FRAME,https://www.youtube.com/watch?v=yu6EWVfnm-0
leo_yu6EWVfnm-0_5698.jpg,0,0,484,356,FULL FRAME,https://www.youtube.com/watch?v=yu6EWVfnm-0
leo_yu6EWVfnm-0_6438.jpg,219,0,639,353,FULL FRAME,https://www.youtube.com/watch?v=yu6EWVfnm-0
leo_yu6EWVfnm-0_6512.jpg,23,0,637,352,FULL FRAME,https://www.youtube.com/watch?v=yu6EWVfnm-0
leo_yu6EWVfnm-0_6549.jpg,8,0,601,351,FULL FRAME,https://www.youtube.com/watch?v=yu6EWVfnm-0
leo_yu6EWVfnm-0_8584.jpg,51,51,360,347,FULL FRAME,https://www.youtube.com/watch?v=yu6EWVfnm-0
leo_yu6EWVfnm-0_10397.jpg,149,17,635,355,FULL FRAME,https://www.youtube.com/watch?v=yu6EWVfnm-0
leo_yu6EWVfnm-0_10434.jpg,149,16,638,354,FULL FRAME,https://www.youtube.com/watch?v=yu6EWVfnm-0
leo_yu6EWVfnm-0_13024.jpg,133,49,638,354,FULL FRAME,https://www.youtube.com/watch?v=yu6EWVfnm-0
leo_yu6EWVfnm-0_13246.jpg,130,16,486,352,SURGICAL CROP,https://www.youtube.com/watch?v=yu6EWVfnm-0
leo_yu6EWVfnm-0_14615.jpg,134,1,639,354,FULL FRAME,https://www.youtube.com/watch?v=yu6EWVfnm-0
leo_yu6EWVfnm-0_16058.jpg,127,14,393,354,FULL FRAME,https://www.youtube.com/watch?v=yu6EWVfnm-0
leo_yu6EWVfnm-0_25012.jpg,204,11,491,250,FULL FRAME,https://www.youtube.com/watch?v=yu6EWVfnm-0
leo_yu6EWVfnm-0_25086.jpg,213,14,484,252,FULL FRAME,https://www.youtube.com/watch?v=yu6EWVfnm-0
leo_yu6EWVfnm-0_29119.jpg,2,0,638,353,FULL FRAME,https://www.youtube.com/watch?v=yu6EWVfnm-0
leo_yu6EWVfnm-0_30525.jpg,31,0,575,336,SURGICAL CROP,https://www.youtube.com/watch?v=yu6EWVfnm-0
leo_-4KCdM1-Agw_540.jpg,222,82,408,177,FULL FRAME,https://www.youtube.com/watch?v=-4KCdM1-Agw
leo_-4KCdM1-Agw_900.jpg,273,124,499,236,FULL FRAME,https://www.youtube.com/watch?v=-4KCdM1-Agw
leo_-4KCdM1-Agw_945.jpg,298,102,546,237,FULL FRAME,https://www.youtube.com/watch?v=-4KCdM1-Agw
leo_-4KCdM1-Agw_8730.jpg,270,152,457,228,FULL FRAME,https://www.youtube.com/watch?v=-4KCdM1-Agw
leo_-4KCdM1-Agw_8775.jpg,283,143,467,228,FULL FRAME,https://www.youtube.com/watch?v=-4KCdM1-Agw
leo_-4KCdM1-Agw_8820.jpg,279,144,500,244,FULL FRAME,https://www.youtube.com/watch?v=-4KCdM1-Agw
leo_-4KCdM1-Agw_8865.jpg,264,145,469,247,FULL FRAME,https://www.youtube.com/watch?v=-4KCdM1-Agw
leo_-4KCdM1-Agw_9045.jpg,264,153,494,247,FULL FRAME,https://www.youtube.com/watch?v=-4KCdM1-Agw
leo_-4KCdM1-Agw_9090.jpg,257,126,491,224,FULL FRAME,https://www.youtube.com/watch?v=-4KCdM1-Agw
leo_-4KCdM1-Agw_9180.jpg,296,102,523,226,FULL FRAME,https://www.youtube.com/watch?v=-4KCdM1-Agw
leo_-4KCdM1-Agw_9270.jpg,260,118,420,228,FULL FRAME,https://www.youtube.com/watch?v=-4KCdM1-Agw
leo_-4KCdM1-Agw_9450.jpg,307,124,481,266,FULL FRAME,https://www.youtube.com/watch?v=-4KCdM1-Agw
leo_-4KCdM1-Agw_10350.jpg,343,137,520,247,FULL FRAME,https://www.youtube.com/watch?v=-4KCdM1-Agw
leo_-4KCdM1-Agw_11160.jpg,331,174,461,290,FULL FRAME,https://www.youtube.com/watch?v=-4KCdM1-Agw
leo_-4KCdM1-Agw_11250.jpg,345,140,501,281,FULL FRAME,https://www.youtube.com/watch?v=-4KCdM1-Agw
leo_-4KCdM1-Agw_11385.jpg,357,142,502,279,FULL FRAME,https://www.youtube.com/watch?v=-4KCdM1-Agw
leo_-4KCdM1-Agw_11610.jpg,351,144,501,281,FULL FRAME,https://www.youtube.com/watch?v=-4KCdM1-Agw
leo_-4KCdM1-Agw_11970.jpg,364,159,516,266,FULL FRAME,https://www.youtube.com/watch?v=-4KCdM1-Agw
leo_-4KCdM1-Agw_12195.jpg,358,154,504,278,FULL FRAME,https://www.youtube.com/watch?v=-4KCdM1-Agw
leo_-4KCdM1-Agw_12240.jpg,363,152,509,262,FULL FRAME,https://www.youtube.com/watch?v=-4KCdM1-Agw
leo_-4KCdM1-Agw_12330.jpg,355,146,496,240,FULL FRAME,https://www.youtube.com/watch?v=-4KCdM1-Agw
leo_-4KCdM1-Agw_12420.jpg,381,149,515,242,FULL FRAME,https://www.youtube.com/watch?v=-4KCdM1-Agw
leo_-4KCdM1-Agw_12465.jpg,361,152,496,245,FULL FRAME,https://www.youtube.com/watch?v=-4KCdM1-Agw
leo_-4KCdM1-Agw_12600.jpg,331,175,527,276,FULL FRAME,https://www.youtube.com/watch?v=-4KCdM1-Agw
leo_-4KCdM1-Agw_12645.jpg,310,179,560,283,FULL FRAME,https://www.youtube.com/watch?v=-4KCdM1-Agw
leo_-4KCdM1-Agw_12690.jpg,320,187,572,289,FULL FRAME,https://www.youtube.com/watch?v=-4KCdM1-Agw
leo_-4KCdM1-Agw_12735.jpg,273,178,540,280,FULL FRAME,https://www.youtube.com/watch?v=-4KCdM1-Agw
leo_-4KCdM1-Agw_12825.jpg,326,173,567,284,FULL FRAME,https://www.youtube.com/watch?v=-4KCdM1-Agw
leo_-4KCdM1-Agw_13185.jpg,238,148,526,253,FULL FRAME,https://www.youtube.com/watch?v=-4KCdM1-Agw
leo_-4KCdM1-Agw_13410.jpg,245,159,514,273,FULL FRAME,https://www.youtube.com/watch?v=-4KCdM1-Agw
leo_-4KCdM1-Agw_18990.jpg,241,155,431,241,FULL FRAME,https://www.youtube.com/watch?v=-4KCdM1-Agw
leo_-4KCdM1-Agw_19035.jpg,252,152,443,241,FULL FRAME,https://www.youtube.com/watch?v=-4KCdM1-Agw
leo_-4KCdM1-Agw_19080.jpg,246,139,470,224,FULL FRAME,https://www.youtube.com/watch?v=-4KCdM1-Agw
leo_-4KCdM1-Agw_19125.jpg,244,166,489,259,FULL FRAME,https://www.youtube.com/watch?v=-4KCdM1-Agw
leo_-4KCdM1-Agw_19260.jpg,240,173,490,268,FULL FRAME,https://www.youtube.com/watch?v=-4KCdM1-Agw
leo_-4KCdM1-Agw_19305.jpg,288,174,475,266,FULL FRAME,https://www.youtube.com/watch?v=-4KCdM1-Agw
leo_-4KCdM1-Agw_19395.jpg,237,167,434,258,FULL FRAME,https://www.youtube.com/watch?v=-4KCdM1-Agw
leo_-4KCdM1-Agw_19485.jpg,214,186,470,280,FULL FRAME,https://www.youtube.com/watch?v=-4KCdM1-Agw
leo_-4KCdM1-Agw_19620.jpg,301,192,522,289,FULL FRAME,https://www.youtube.com/watch?v=-4KCdM1-Agw
leo_-4KCdM1-Agw_19755.jpg,253,174,465,273,FULL FRAME,https://www.youtube.com/watch?v=-4KCdM1-Agw
leo_-4KCdM1-Agw_19890.jpg,231,177,456,274,FULL FRAME,https://www.youtube.com/watch?v=-4KCdM1-Agw
leo_-4KCdM1-Agw_20205.jpg,299,209,391,251,FULL FRAME,https://www.youtube.com/watch?v=-4KCdM1-Agw
leo_-4KCdM1-Agw_20520.jpg,217,172,424,259,FULL FRAME,https://www.youtube.com/watch?v=-4KCdM1-Agw
leo_-4KCdM1-Agw_20655.jpg,272,184,508,284,FULL FRAME,https://www.youtube.com/watch?v=-4KCdM1-Agw
leo_-4KCdM1-Agw_20745.jpg,241,188,494,289,FULL FRAME,https://www.youtube.com/watch?v=-4KCdM1-Agw
leo_-4KCdM1-Agw_21015.jpg,281,126,438,222,FULL FRAME,https://www.youtube.com/watch?v=-4KCdM1-Agw
leo_-4KCdM1-Agw_21105.jpg,257,150,383,220,FULL FRAME,https://www.youtube.com/watch?v=-4KCdM1-Agw
leo_-4KCdM1-Agw_21150.jpg,260,163,385,227,FULL FRAME,https://www.youtube.com/watch?v=-4KCdM1-Agw
leo_-4KCdM1-Agw_21195.jpg,265,158,399,226,FULL FRAME,https://www.youtube.com/watch?v=-4KCdM1-Agw
leo_-4KCdM1-Agw_31815.jpg,212,109,431,241,FULL FRAME,https://www.youtube.com/watch?v=-4KCdM1-Agw
leo_-4KCdM1-Agw_31905.jpg,266,118,505,242,FULL FRAME,https://www.youtube.com/watch?v=-4KCdM1-Agw
leo_-4KCdM1-Agw_37305.jpg,262,165,411,239,FULL FRAME,https://www.youtube.com/watch?v=-4KCdM1-Agw
leo_-4KCdM1-Agw_37395.jpg,337,178,540,268,FULL FRAME,https://www.youtube.com/watch?v=-4KCdM1-Agw
leo_-4KCdM1-Agw_37440.jpg,370,185,580,281,FULL FRAME,https://www.youtube.com/watch?v=-4KCdM1-Agw
leo_-4KCdM1-Agw_37485.jpg,349,176,508,248,FULL FRAME,https://www.youtube.com/watch?v=-4KCdM1-Agw
leo_-4KCdM1-Agw_37755.jpg,288,174,535,284,FULL FRAME,https://www.youtube.com/watch?v=-4KCdM1-Agw
leo_-4KCdM1-Agw_40005.jpg,208,104,639,319,FULL FRAME,https://www.youtube.com/watch?v=-4KCdM1-Agw
leo_-4KCdM1-Agw_40815.jpg,242,97,639,319,FULL FRAME,https://www.youtube.com/watch?v=-4KCdM1-Agw
leo_-4KCdM1-Agw_41085.jpg,209,79,639,320,FULL FRAME,https://www.youtube.com/watch?v=-4KCdM1-Agw
leo_-4KCdM1-Agw_41310.jpg,244,146,638,319,FULL FRAME,https://www.youtube.com/watch?v=-4KCdM1-Agw
leo_bVisN6buoKQ_45.jpg,0,1,429,297,SURGICAL CROP,https://www.youtube.com/watch?v=bVisN6buoKQ
leo_bVisN6buoKQ_90.jpg,0,1,402,316,SURGICAL CROP,https://www.youtube.com/watch?v=bVisN6buoKQ
leo_bVisN6buoKQ_225.jpg,0,1,640,324,FULL FRAME,https://www.youtube.com/watch?v=bVisN6buoKQ
leo_bVisN6buoKQ_270.jpg,1,1,639,324,FULL FRAME,https://www.youtube.com/watch?v=bVisN6buoKQ
leo_bVisN6buoKQ_405.jpg,0,96,163,323,SURGICAL CROP,https://www.youtube.com/watch?v=bVisN6buoKQ
leo_bVisN6buoKQ_1935.jpg,9,0,640,323,FULL FRAME,https://www.youtube.com/watch?v=bVisN6buoKQ
leo_bVisN6buoKQ_2115.jpg,39,39,264,323,SURGICAL CROP,https://www.youtube.com/watch?v=bVisN6buoKQ
leo_bVisN6buoKQ_2880.jpg,12,0,439,323,SURGICAL CROP,https://www.youtube.com/watch?v=bVisN6buoKQ
leo_bVisN6buoKQ_4410.jpg,459,52,639,312,SURGICAL CROP,https://www.youtube.com/watch?v=bVisN6buoKQ
leo_bVisN6buoKQ_4590.jpg,386,101,639,323,SURGICAL CROP,https://www.youtube.com/watch?v=bVisN6buoKQ
leo_bVisN6buoKQ_4680.jpg,16,0,639,323,FULL FRAME,https://www.youtube.com/watch?v=bVisN6buoKQ
leo_bVisN6buoKQ_4725.jpg,0,1,640,323,FULL FRAME,https://www.youtube.com/watch?v=bVisN6buoKQ
leo_bVisN6buoKQ_4770.jpg,1,1,639,323,FULL FRAME,https://www.youtube.com/watch?v=bVisN6buoKQ
leo_wv3kW_VCJVw_34.jpg,80,139,346,280,FULL FRAME,https://www.youtube.com/watch?v=wv3kW_VCJVw
leo_wv3kW_VCJVw_68.jpg,62,141,333,261,FULL FRAME,https://www.youtube.com/watch?v=wv3kW_VCJVw
leo_wv3kW_VCJVw_102.jpg,69,149,339,262,FULL FRAME,https://www.youtube.com/watch?v=wv3kW_VCJVw
leo_wv3kW_VCJVw_204.jpg,52,151,328,260,FULL FRAME,https://www.youtube.com/watch?v=wv3kW_VCJVw
leo_wv3kW_VCJVw_408.jpg,182,105,300,356,FULL FRAME,https://www.youtube.com/watch?v=wv3kW_VCJVw
leo_wv3kW_VCJVw_680.jpg,207,78,376,356,FULL FRAME,https://www.youtube.com/watch?v=wv3kW_VCJVw
leo_wv3kW_VCJVw_714.jpg,240,56,385,355,FULL FRAME,https://www.youtube.com/watch?v=wv3kW_VCJVw
leo_wv3kW_VCJVw_748.jpg,244,61,373,354,FULL FRAME,https://www.youtube.com/watch?v=wv3kW_VCJVw
leo_wv3kW_VCJVw_816.jpg,212,79,363,355,FULL FRAME,https://www.youtube.com/watch?v=wv3kW_VCJVw
leo_wv3kW_VCJVw_850.jpg,181,81,360,357,FULL FRAME,https://www.youtube.com/watch?v=wv3kW_VCJVw
leo_wv3kW_VCJVw_884.jpg,219,83,354,355,FULL FRAME,https://www.youtube.com/watch?v=wv3kW_VCJVw
leo_wv3kW_VCJVw_918.jpg,165,85,349,356,FULL FRAME,https://www.youtube.com/watch?v=wv3kW_VCJVw
leo_wv3kW_VCJVw_986.jpg,205,96,349,355,FULL FRAME,https://www.youtube.com/watch?v=wv3kW_VCJVw
leo_wv3kW_VCJVw_1020.jpg,292,130,499,356,FULL FRAME,https://www.youtube.com/watch?v=wv3kW_VCJVw
leo_wv3kW_VCJVw_1054.jpg,264,140,467,356,FULL FRAME,https://www.youtube.com/watch?v=wv3kW_VCJVw
leo_wv3kW_VCJVw_1156.jpg,145,95,330,350,FULL FRAME,https://www.youtube.com/watch?v=wv3kW_VCJVw
leo_wv3kW_VCJVw_1224.jpg,16,12,338,354,FULL FRAME,https://www.youtube.com/watch?v=wv3kW_VCJVw
leo_wv3kW_VCJVw_1258.jpg,34,12,354,355,FULL FRAME,https://www.youtube.com/watch?v=wv3kW_VCJVw
leo_wv3kW_VCJVw_1292.jpg,114,38,385,355,FULL FRAME,https://www.youtube.com/watch?v=wv3kW_VCJVw
leo_wv3kW_VCJVw_1326.jpg,102,37,387,355,FULL FRAME,https://www.youtube.com/watch?v=wv3kW_VCJVw
leo_wv3kW_VCJVw_1360.jpg,113,17,397,355,FULL FRAME,https://www.youtube.com/watch?v=wv3kW_VCJVw
leo_wv3kW_VCJVw_1598.jpg,144,119,369,265,FULL FRAME,https://www.youtube.com/watch?v=wv3kW_VCJVw
leo_-rbe7ircTvA_407.jpg,259,147,395,351,FULL FRAME,https://www.youtube.com/watch?v=-rbe7ircTvA
leo_S98gfOq_qTo_90.jpg,200,94,430,349,FULL FRAME,https://www.youtube.com/watch?v=S98gfOq_qTo
leo_S98gfOq_qTo_135.jpg,170,67,397,350,FULL FRAME,https://www.youtube.com/watch?v=S98gfOq_qTo
leo_S98gfOq_qTo_40725.jpg,207,70,323,290,FULL FRAME,https://www.youtube.com/watch?v=S98gfOq_qTo
leo_S98gfOq_qTo_41040.jpg,240,84,395,192,FULL FRAME,https://www.youtube.com/watch?v=S98gfOq_qTo
leo_S98gfOq_qTo_41985.jpg,235,67,404,353,FULL FRAME,https://www.youtube.com/watch?v=S98gfOq_qTo
leo_di4Ht3DEJcc_360.jpg,337,245,528,311,SURGICAL CROP,https://www.youtube.com/watch?v=di4Ht3DEJcc
leo_di4Ht3DEJcc_360.jpg,443,133,584,221,SURGICAL CROP,https://www.youtube.com/watch?v=di4Ht3DEJcc
leo_di4Ht3DEJcc_3465.jpg,220,178,435,325,FULL FRAME,https://www.youtube.com/watch?v=di4Ht3DEJcc
leo_di4Ht3DEJcc_3690.jpg,508,186,634,316,FULL FRAME,https://www.youtube.com/watch?v=di4Ht3DEJcc
leo_CrhEf4rWMkg_481.jpg,107,116,222,197,SURGICAL CROP,https://www.youtube.com/watch?v=CrhEf4rWMkg
leo_CrhEf4rWMkg_518.jpg,103,108,225,181,FULL FRAME,https://www.youtube.com/watch?v=CrhEf4rWMkg
leo_Zq4Wv5GSSuA_1350.jpg,488,74,619,221,FULL FRAME,https://www.youtube.com/watch?v=Zq4Wv5GSSuA
leo_Zq4Wv5GSSuA_1440.jpg,0,96,246,353,SURGICAL CROP,https://www.youtube.com/watch?v=Zq4Wv5GSSuA
leo_Zq4Wv5GSSuA_1440.jpg,434,73,632,237,SURGICAL CROP,https://www.youtube.com/watch?v=Zq4Wv5GSSuA
leo_Zq4Wv5GSSuA_1485.jpg,0,100,212,353,SURGICAL CROP,https://www.youtube.com/watch?v=Zq4Wv5GSSuA
leo_Zq4Wv5GSSuA_2115.jpg,156,70,639,356,SURGICAL CROP,https://www.youtube.com/watch?v=Zq4Wv5GSSuA
leo_Zq4Wv5GSSuA_4185.jpg,314,8,635,351,SURGICAL CROP,https://www.youtube.com/watch?v=Zq4Wv5GSSuA
leo_Zq4Wv5GSSuA_5040.jpg,0,83,533,335,SURGICAL CROP,https://www.youtube.com/watch?v=Zq4Wv5GSSuA
leo_Zq4Wv5GSSuA_5085.jpg,0,63,532,347,SURGICAL CROP,https://www.youtube.com/watch?v=Zq4Wv5GSSuA
leo_Zq4Wv5GSSuA_5490.jpg,75,4,629,350,SURGICAL CROP,https://www.youtube.com/watch?v=Zq4Wv5GSSuA
leo_Zq4Wv5GSSuA_5535.jpg,69,0,633,355,SURGICAL CROP,https://www.youtube.com/watch?v=Zq4Wv5GSSuA
leo_Zq4Wv5GSSuA_5580.jpg,61,0,605,355,SURGICAL CROP,https://www.youtube.com/watch?v=Zq4Wv5GSSuA
leo_Zq4Wv5GSSuA_5625.jpg,52,0,629,355,SURGICAL CROP,https://www.youtube.com/watch?v=Zq4Wv5GSSuA
leo_Zq4Wv5GSSuA_5670.jpg,42,14,611,348,SURGICAL CROP,https://www.youtube.com/watch?v=Zq4Wv5GSSuA
leo_o965l8EJiRw_2553.jpg,1,1,638,353,FULL FRAME,https://www.youtube.com/watch?v=o965l8EJiRw
leo_o965l8EJiRw_2738.jpg,178,0,639,351,FULL FRAME,https://www.youtube.com/watch?v=o965l8EJiRw
leo_o965l8EJiRw_4662.jpg,109,89,451,334,FULL FRAME,https://www.youtube.com/watch?v=o965l8EJiRw
leo_o965l8EJiRw_5550.jpg,12,1,637,349,FULL FRAME,https://www.youtube.com/watch?v=o965l8EJiRw
leo_o965l8EJiRw_5624.jpg,0,2,482,353,FULL FRAME,https://www.youtube.com/watch?v=o965l8EJiRw
leo_o965l8EJiRw_5809.jpg,136,83,475,356,FULL FRAME,https://www.youtube.com/watch?v=o965l8EJiRw
leo_o965l8EJiRw_5920.jpg,180,36,541,328,FULL FRAME,https://www.youtube.com/watch?v=o965l8EJiRw
leo_o965l8EJiRw_6142.jpg,1,2,637,352,FULL FRAME,https://www.youtube.com/watch?v=o965l8EJiRw
leo_o965l8EJiRw_9805.jpg,201,12,424,316,FULL FRAME,https://www.youtube.com/watch?v=o965l8EJiRw
leo_o965l8EJiRw_17575.jpg,0,1,640,353,FULL FRAME,https://www.youtube.com/watch?v=o965l8EJiRw
leo_o965l8EJiRw_17723.jpg,5,2,638,352,FULL FRAME,https://www.youtube.com/watch?v=o965l8EJiRw
leo_o965l8EJiRw_18167.jpg,103,19,407,354,FULL FRAME,https://www.youtube.com/watch?v=o965l8EJiRw
leo_8xlOmOjx3do_740.jpg,243,82,402,332,FULL FRAME,https://www.youtube.com/watch?v=8xlOmOjx3do
leo_8xlOmOjx3do_962.jpg,252,83,401,325,FULL FRAME,https://www.youtube.com/watch?v=8xlOmOjx3do
leo_8xlOmOjx3do_999.jpg,242,81,392,324,FULL FRAME,https://www.youtube.com/watch?v=8xlOmOjx3do
leo_8xlOmOjx3do_1073.jpg,188,114,511,355,FULL FRAME,https://www.youtube.com/watch?v=8xlOmOjx3do
leo_8xlOmOjx3do_1110.jpg,131,104,455,355,FULL FRAME,https://www.youtube.com/watch?v=8xlOmOjx3do
leo_8xlOmOjx3do_1147.jpg,86,104,411,355,FULL FRAME,https://www.youtube.com/watch?v=8xlOmOjx3do
leo_8xlOmOjx3do_1443.jpg,276,114,383,269,FULL FRAME,https://www.youtube.com/watch?v=8xlOmOjx3do
leo_8xlOmOjx3do_1480.jpg,281,111,383,264,FULL FRAME,https://www.youtube.com/watch?v=8xlOmOjx3do
leo_8xlOmOjx3do_3219.jpg,349,46,546,355,FULL FRAME,https://www.youtube.com/watch?v=8xlOmOjx3do
leo_wp4ONOw48Mw_2430.jpg,23,6,559,324,FULL FRAME,https://www.youtube.com/watch?v=wp4ONOw48Mw
leo_wp4ONOw48Mw_3690.jpg,1,8,591,325,FULL FRAME,https://www.youtube.com/watch?v=wp4ONOw48Mw
leo_3z3AcJYxCvg_4590.jpg,226,108,366,297,FULL FRAME,https://www.youtube.com/watch?v=3z3AcJYxCvg
leo_UWc8ixcW9nI_481.jpg,322,12,639,290,SURGICAL CROP,https://www.youtube.com/watch?v=UWc8ixcW9nI
leo_UWc8ixcW9nI_814.jpg,321,12,639,290,SURGICAL CROP,https://www.youtube.com/watch?v=UWc8ixcW9nI
leo_UWc8ixcW9nI_888.jpg,321,10,634,290,SURGICAL CROP,https://www.youtube.com/watch?v=UWc8ixcW9nI
leo_0tv9JyWe_50_315.jpg,174,137,638,298,FULL FRAME,https://www.youtube.com/watch?v=0tv9JyWe_50
leo_0tv9JyWe_50_360.jpg,176,137,639,257,FULL FRAME,https://www.youtube.com/watch?v=0tv9JyWe_50
leo_0tv9JyWe_50_540.jpg,159,131,638,295,FULL FRAME,https://www.youtube.com/watch?v=0tv9JyWe_50
leo_0tv9JyWe_50_1440.jpg,266,54,569,314,FULL FRAME,https://www.youtube.com/watch?v=0tv9JyWe_50
leo_0tv9JyWe_50_1665.jpg,13,75,557,344,FULL FRAME,https://www.youtube.com/watch?v=0tv9JyWe_50
leo_0tv9JyWe_50_1845.jpg,10,83,530,336,FULL FRAME,https://www.youtube.com/watch?v=0tv9JyWe_50
leo_0tv9JyWe_50_2115.jpg,239,81,529,330,FULL FRAME,https://www.youtube.com/watch?v=0tv9JyWe_50
leo_0tv9JyWe_50_2520.jpg,117,57,638,355,FULL FRAME,https://www.youtube.com/watch?v=0tv9JyWe_50
leo_0tv9JyWe_50_3465.jpg,255,31,639,351,FULL FRAME,https://www.youtube.com/watch?v=0tv9JyWe_50
leo_0tv9JyWe_50_3555.jpg,260,29,639,351,FULL FRAME,https://www.youtube.com/watch?v=0tv9JyWe_50
leo_0tv9JyWe_50_3690.jpg,266,30,639,348,FULL FRAME,https://www.youtube.com/watch?v=0tv9JyWe_50
leo_0tv9JyWe_50_3870.jpg,285,36,639,351,FULL FRAME,https://www.youtube.com/watch?v=0tv9JyWe_50
leo_0tv9JyWe_50_4005.jpg,264,37,639,350,FULL FRAME,https://www.youtube.com/watch?v=0tv9JyWe_50
leo_0tv9JyWe_50_4050.jpg,254,37,639,350,FULL FRAME,https://www.youtube.com/watch?v=0tv9JyWe_50
leo_0tv9JyWe_50_4905.jpg,176,31,574,353,FULL FRAME,https://www.youtube.com/watch?v=0tv9JyWe_50
leo_0tv9JyWe_50_5355.jpg,177,28,576,353,FULL FRAME,https://www.youtube.com/watch?v=0tv9JyWe_50
leo_0tv9JyWe_50_5715.jpg,11,86,544,347,FULL FRAME,https://www.youtube.com/watch?v=0tv9JyWe_50
leo_0tv9JyWe_50_6480.jpg,239,83,546,330,FULL FRAME,https://www.youtube.com/watch?v=0tv9JyWe_50
leo_0tv9JyWe_50_6660.jpg,0,1,398,355,FULL FRAME,https://www.youtube.com/watch?v=0tv9JyWe_50
leo_0tv9JyWe_50_6930.jpg,0,3,418,355,FULL FRAME,https://www.youtube.com/watch?v=0tv9JyWe_50
leo_0tv9JyWe_50_7065.jpg,0,3,429,355,FULL FRAME,https://www.youtube.com/watch?v=0tv9JyWe_50
leo_0tv9JyWe_50_8145.jpg,198,11,484,254,FULL FRAME,https://www.youtube.com/watch?v=0tv9JyWe_50
leo_0tv9JyWe_50_8190.jpg,215,13,481,256,FULL FRAME,https://www.youtube.com/watch?v=0tv9JyWe_50
leo_0tv9JyWe_50_8280.jpg,168,0,639,354,FULL FRAME,https://www.youtube.com/watch?v=0tv9JyWe_50
leo_0tv9JyWe_50_8325.jpg,133,0,639,353,FULL FRAME,https://www.youtube.com/watch?v=0tv9JyWe_50
leo_0tv9JyWe_50_8415.jpg,104,1,639,352,FULL FRAME,https://www.youtube.com/watch?v=0tv9JyWe_50
leo_0tv9JyWe_50_8460.jpg,96,0,638,347,FULL FRAME,https://www.youtube.com/watch?v=0tv9JyWe_50
leo_0tv9JyWe_50_8550.jpg,225,29,639,339,FULL FRAME,https://www.youtube.com/watch?v=0tv9JyWe_50
leo_0tv9JyWe_50_8640.jpg,84,0,639,345,FULL FRAME,https://www.youtube.com/watch?v=0tv9JyWe_50
leo_0tv9JyWe_50_8775.jpg,99,4,639,351,FULL FRAME,https://www.youtube.com/watch?v=0tv9JyWe_50
leo_0tv9JyWe_50_8820.jpg,119,0,639,350,FULL FRAME,https://www.youtube.com/watch?v=0tv9JyWe_50
leo_0tv9JyWe_50_8865.jpg,110,0,639,348,FULL FRAME,https://www.youtube.com/watch?v=0tv9JyWe_50
leo_0tv9JyWe_50_8910.jpg,126,3,639,350,FULL FRAME,https://www.youtube.com/watch?v=0tv9JyWe_50
leo_0tv9JyWe_50_8955.jpg,189,21,639,351,FULL FRAME,https://www.youtube.com/watch?v=0tv9JyWe_50
leo_0tv9JyWe_50_8955.jpg,104,0,499,307,FULL FRAME,https://www.youtube.com/watch?v=0tv9JyWe_50
leo_0tv9JyWe_50_9225.jpg,184,11,495,254,FULL FRAME,https://www.youtube.com/watch?v=0tv9JyWe_50
leo_VKzM-AOLV-4_6586.jpg,200,8,639,354,FULL FRAME,https://www.youtube.com/watch?v=VKzM-AOLV-4
leo_VKzM-AOLV-4_12358.jpg,2,0,607,349,FULL FRAME,https://www.youtube.com/watch?v=VKzM-AOLV-4
leo_VKzM-AOLV-4_14689.jpg,95,3,513,354,FULL FRAME,https://www.youtube.com/watch?v=VKzM-AOLV-4
leo_VKzM-AOLV-4_14726.jpg,206,0,639,350,FULL FRAME,https://www.youtube.com/watch?v=VKzM-AOLV-4
leo_VKzM-AOLV-4_14763.jpg,303,1,639,353,FULL FRAME,https://www.youtube.com/watch?v=VKzM-AOLV-4
leo_VKzM-AOLV-4_14911.jpg,120,1,638,353,FULL FRAME,https://www.youtube.com/watch?v=VKzM-AOLV-4
leo_VKzM-AOLV-4_27454.jpg,125,1,639,354,FULL FRAME,https://www.youtube.com/watch?v=VKzM-AOLV-4
leo_VKzM-AOLV-4_28490.jpg,32,0,493,353,FULL FRAME,https://www.youtube.com/watch?v=VKzM-AOLV-4
leo_VKzM-AOLV-4_38813.jpg,238,0,638,351,FULL FRAME,https://www.youtube.com/watch?v=VKzM-AOLV-4
leo_VKzM-AOLV-4_38850.jpg,289,7,639,354,FULL FRAME,https://www.youtube.com/watch?v=VKzM-AOLV-4
leo_meE7xGCJwp4_135.jpg,148,141,348,259,FULL FRAME,https://www.youtube.com/watch?v=meE7xGCJwp4
leo_meE7xGCJwp4_180.jpg,150,143,354,259,FULL FRAME,https://www.youtube.com/watch?v=meE7xGCJwp4
leo_meE7xGCJwp4_225.jpg,338,75,521,298,FULL FRAME,https://www.youtube.com/watch?v=meE7xGCJwp4
leo_lSK3R9zU97M_703.jpg,376,115,530,341,FULL FRAME,https://www.youtube.com/watch?v=lSK3R9zU97M
leo_lSK3R9zU97M_740.jpg,368,109,515,274,FULL FRAME,https://www.youtube.com/watch?v=lSK3R9zU97M
leo_lSK3R9zU97M_777.jpg,360,101,512,267,FULL FRAME,https://www.youtube.com/watch?v=lSK3R9zU97M
leo_8rF2qC40udI_3959.jpg,0,133,167,191,SURGICAL CROP,https://www.youtube.com/watch?v=8rF2qC40udI
leo_8rF2qC40udI_4033.jpg,0,123,167,191,SURGICAL CROP,https://www.youtube.com/watch?v=8rF2qC40udI
leo_9dIWz5KNhQw_24679.jpg,357,293,399,359,FULL FRAME,https://www.youtube.com/watch?v=9dIWz5KNhQw
leo_76wbUQPXXvg_19125.jpg,353,18,420,101,FULL FRAME,https://www.youtube.com/watch?v=76wbUQPXXvg
leo_qGtog5WdqHU_407.jpg,0,0,638,355,FULL FRAME,https://www.youtube.com/watch?v=qGtog5WdqHU
leo_qGtog5WdqHU_407.jpg,219,0,639,354,FULL FRAME,https://www.youtube.com/watch?v=qGtog5WdqHU
leo_qGtog5WdqHU_444.jpg,172,1,632,354,FULL FRAME,https://www.youtube.com/watch?v=qGtog5WdqHU
leo_qGtog5WdqHU_481.jpg,15,0,487,353,FULL FRAME,https://www.youtube.com/watch?v=qGtog5WdqHU
leo_rBjVHeD0htY_5220.jpg,450,144,636,292,SURGICAL CROP,https://www.youtube.com/watch?v=rBjVHeD0htY
leo_rBjVHeD0htY_10665.jpg,400,10,639,353,SURGICAL CROP,https://www.youtube.com/watch?v=rBjVHeD0htY
leo_rBjVHeD0htY_39420.jpg,413,60,639,355,SURGICAL CROP,https://www.youtube.com/watch?v=rBjVHeD0htY
leo_A8hxQl293cc_111.jpg,295,139,453,246,FULL FRAME,https://www.youtube.com/watch?v=A8hxQl293cc
leo_A8hxQl293cc_222.jpg,186,143,438,240,FULL FRAME,https://www.youtube.com/watch?v=A8hxQl293cc
leo_SzmOVNaaxdc_68625.jpg,292,103,413,213,FULL FRAME,https://www.youtube.com/watch?v=SzmOVNaaxdc
leo_SzmOVNaaxdc_68670.jpg,279,125,398,238,FULL FRAME,https://www.youtube.com/watch?v=SzmOVNaaxdc
leo_SzmOVNaaxdc_69030.jpg,106,47,326,230,FULL FRAME,https://www.youtube.com/watch?v=SzmOVNaaxdc
leo_eLtw9SATzm0_989.jpg,129,97,545,344,FULL FRAME,https://www.youtube.com/watch?v=eLtw9SATzm0
leo_mmLrPy5LdLI_1395.jpg,375,132,456,246,FULL FRAME,https://www.youtube.com/watch?v=mmLrPy5LdLI
leo_mmLrPy5LdLI_1485.jpg,286,179,535,357,FULL FRAME,https://www.youtube.com/watch?v=mmLrPy5LdLI
leo_mmLrPy5LdLI_21960.jpg,260,210,402,282,FULL FRAME,https://www.youtube.com/watch?v=mmLrPy5LdLI
leo_mmLrPy5LdLI_22140.jpg,302,99,471,234,FULL FRAME,https://www.youtube.com/watch?v=mmLrPy5LdLI
leo_mmLrPy5LdLI_28620.jpg,217,227,359,329,FULL FRAME,https://www.youtube.com/watch?v=mmLrPy5LdLI
leo_mmLrPy5LdLI_78930.jpg,289,149,438,204,FULL FRAME,https://www.youtube.com/watch?v=mmLrPy5LdLI
leo_mmLrPy5LdLI_81900.jpg,320,161,484,329,FULL FRAME,https://www.youtube.com/watch?v=mmLrPy5LdLI
leo_mmLrPy5LdLI_83790.jpg,311,150,454,256,FULL FRAME,https://www.youtube.com/watch?v=mmLrPy5LdLI
leo_mmLrPy5LdLI_83880.jpg,236,155,441,344,FULL FRAME,https://www.youtube.com/watch?v=mmLrPy5LdLI
leo_mmLrPy5LdLI_85275.jpg,145,233,251,292,FULL FRAME,https://www.youtube.com/watch?v=mmLrPy5LdLI
leo_mmLrPy5LdLI_85410.jpg,112,168,413,315,FULL FRAME,https://www.youtube.com/watch?v=mmLrPy5LdLI
leo_mmLrPy5LdLI_86175.jpg,247,86,424,227,FULL FRAME,https://www.youtube.com/watch?v=mmLrPy5LdLI
leo_mmLrPy5LdLI_86670.jpg,207,186,305,275,SURGICAL CROP,https://www.youtube.com/watch?v=mmLrPy5LdLI
leo_erFVAUTDQwQ_1110.jpg,175,0,499,285,FULL FRAME,https://www.youtube.com/watch?v=erFVAUTDQwQ
leo_erFVAUTDQwQ_1184.jpg,176,3,639,353,FULL FRAME,https://www.youtube.com/watch?v=erFVAUTDQwQ
leo_erFVAUTDQwQ_1369.jpg,107,142,464,289,FULL FRAME,https://www.youtube.com/watch?v=erFVAUTDQwQ
leo_erFVAUTDQwQ_1665.jpg,234,80,439,304,FULL FRAME,https://www.youtube.com/watch?v=erFVAUTDQwQ
leo_erFVAUTDQwQ_1702.jpg,282,31,439,303,FULL FRAME,https://www.youtube.com/watch?v=erFVAUTDQwQ
leo_erFVAUTDQwQ_1776.jpg,253,91,441,318,FULL FRAME,https://www.youtube.com/watch?v=erFVAUTDQwQ
leo_erFVAUTDQwQ_1813.jpg,180,2,639,352,FULL FRAME,https://www.youtube.com/watch?v=erFVAUTDQwQ
leo_erFVAUTDQwQ_2035.jpg,440,3,639,354,FULL FRAME,https://www.youtube.com/watch?v=erFVAUTDQwQ
leo_erFVAUTDQwQ_2146.jpg,439,167,630,352,FULL FRAME,https://www.youtube.com/watch?v=erFVAUTDQwQ
leo_erFVAUTDQwQ_2257.jpg,288,185,391,357,FULL FRAME,https://www.youtube.com/watch?v=erFVAUTDQwQ
leo_erFVAUTDQwQ_2294.jpg,273,172,379,357,FULL FRAME,https://www.youtube.com/watch?v=erFVAUTDQwQ
leo_erFVAUTDQwQ_2331.jpg,277,167,379,357,FULL FRAME,https://www.youtube.com/watch?v=erFVAUTDQwQ
leo_erFVAUTDQwQ_2368.jpg,274,178,383,357,FULL FRAME,https://www.youtube.com/watch?v=erFVAUTDQwQ
leo_erFVAUTDQwQ_3219.jpg,192,167,344,252,FULL FRAME,https://www.youtube.com/watch?v=erFVAUTDQwQ
leo_erFVAUTDQwQ_3774.jpg,175,0,286,301,FULL FRAME,https://www.youtube.com/watch?v=erFVAUTDQwQ
leo_erFVAUTDQwQ_4033.jpg,281,1,577,354,FULL FRAME,https://www.youtube.com/watch?v=erFVAUTDQwQ
leo_erFVAUTDQwQ_4662.jpg,298,178,367,343,FULL FRAME,https://www.youtube.com/watch?v=erFVAUTDQwQ
leo_erFVAUTDQwQ_4699.jpg,297,175,368,338,FULL FRAME,https://www.youtube.com/watch?v=erFVAUTDQwQ
leo_erFVAUTDQwQ_4736.jpg,296,178,371,348,FULL FRAME,https://www.youtube.com/watch?v=erFVAUTDQwQ
leo_erFVAUTDQwQ_5254.jpg,184,126,462,334,FULL FRAME,https://www.youtube.com/watch?v=erFVAUTDQwQ
leo_erFVAUTDQwQ_5291.jpg,168,137,462,343,FULL FRAME,https://www.youtube.com/watch?v=erFVAUTDQwQ
leo_erFVAUTDQwQ_5365.jpg,166,104,463,344,FULL FRAME,https://www.youtube.com/watch?v=erFVAUTDQwQ
leo_erFVAUTDQwQ_5402.jpg,167,95,462,341,FULL FRAME,https://www.youtube.com/watch?v=erFVAUTDQwQ
leo_H3DCYz4lglA_952.jpg,60,15,570,295,FULL FRAME,https://www.youtube.com/watch?v=H3DCYz4lglA
leo_H3DCYz4lglA_1088.jpg,202,74,529,294,FULL FRAME,https://www.youtube.com/watch?v=H3DCYz4lglA
leo_H3DCYz4lglA_1122.jpg,181,58,555,296,FULL FRAME,https://www.youtube.com/watch?v=H3DCYz4lglA
leo_H3DCYz4lglA_1156.jpg,162,41,582,295,FULL FRAME,https://www.youtube.com/watch?v=H3DCYz4lglA
leo_H3DCYz4lglA_1224.jpg,121,8,626,296,FULL FRAME,https://www.youtube.com/watch?v=H3DCYz4lglA
leo_H3DCYz4lglA_1496.jpg,61,56,287,294,FULL FRAME,https://www.youtube.com/watch?v=H3DCYz4lglA
leo_H3DCYz4lglA_3060.jpg,0,0,524,294,FULL FRAME,https://www.youtube.com/watch?v=H3DCYz4lglA
leo_H3DCYz4lglA_3128.jpg,0,0,634,295,FULL FRAME,https://www.youtube.com/watch?v=H3DCYz4lglA
leo_jmJnt1d_QT8_810.jpg,195,116,303,288,FULL FRAME,https://www.youtube.com/watch?v=jmJnt1d_QT8
leo_jmJnt1d_QT8_5445.jpg,195,154,477,321,FULL FRAME,https://www.youtube.com/watch?v=jmJnt1d_QT8
leo_jmJnt1d_QT8_5490.jpg,180,141,459,303,FULL FRAME,https://www.youtube.com/watch?v=jmJnt1d_QT8
leo_jmJnt1d_QT8_5535.jpg,179,126,460,294,FULL FRAME,https://www.youtube.com/watch?v=jmJnt1d_QT8
leo_jmJnt1d_QT8_5760.jpg,285,211,426,275,FULL FRAME,https://www.youtube.com/watch?v=jmJnt1d_QT8
leo_jmJnt1d_QT8_5805.jpg,283,210,423,275,FULL FRAME,https://www.youtube.com/watch?v=jmJnt1d_QT8
leo_ENalSCm26iE_45.jpg,259,103,396,264,FULL FRAME,https://www.youtube.com/watch?v=ENalSCm26iE
leo_ENalSCm26iE_90.jpg,242,107,394,263,FULL FRAME,https://www.youtube.com/watch?v=ENalSCm26iE
leo_ENalSCm26iE_1665.jpg,139,116,313,199,FULL FRAME,https://www.youtube.com/watch?v=ENalSCm26iE
leo_ENalSCm26iE_1710.jpg,191,100,377,192,FULL FRAME,https://www.youtube.com/watch?v=ENalSCm26iE
leo_ENalSCm26iE_1800.jpg,207,135,409,220,FULL FRAME,https://www.youtube.com/watch?v=ENalSCm26iE
leo_XJP9Sfo8zYU_1598.jpg,0,134,304,296,FULL FRAME,https://www.youtube.com/watch?v=XJP9Sfo8zYU
leo_XJP9Sfo8zYU_1632.jpg,61,146,289,254,SURGICAL CROP,https://www.youtube.com/watch?v=XJP9Sfo8zYU
leo_XJP9Sfo8zYU_1666.jpg,12,123,248,238,FULL FRAME,https://www.youtube.com/watch?v=XJP9Sfo8zYU
leo_XJP9Sfo8zYU_2244.jpg,380,214,502,323,SURGICAL CROP,https://www.youtube.com/watch?v=XJP9Sfo8zYU
leo_XJP9Sfo8zYU_2278.jpg,412,224,529,326,FULL FRAME,https://www.youtube.com/watch?v=XJP9Sfo8zYU
leo_XJP9Sfo8zYU_2312.jpg,0,53,147,316,FULL FRAME,https://www.youtube.com/watch?v=XJP9Sfo8zYU
leo_XJP9Sfo8zYU_2346.jpg,0,74,164,318,FULL FRAME,https://www.youtube.com/watch?v=XJP9Sfo8zYU
leo_XJP9Sfo8zYU_2380.jpg,0,111,203,330,FULL FRAME,https://www.youtube.com/watch?v=XJP9Sfo8zYU
leo_XJP9Sfo8zYU_2720.jpg,430,142,620,216,FULL FRAME,https://www.youtube.com/watch?v=XJP9Sfo8zYU
leo_6ztAOQoj2t8_2070.jpg,0,110,314,352,FULL FRAME,https://www.youtube.com/watch?v=6ztAOQoj2t8
leo_6ztAOQoj2t8_2835.jpg,0,1,319,354,FULL FRAME,https://www.youtube.com/watch?v=6ztAOQoj2t8
leo_10NIOjWDpWM_1908.jpg,222,131,342,221,FULL FRAME,https://www.youtube.com/watch?v=10NIOjWDpWM
leo_a5NSsEVFXSU_407.jpg,313,49,433,224,FULL FRAME,https://www.youtube.com/watch?v=a5NSsEVFXSU
leo_a5NSsEVFXSU_444.jpg,295,60,434,224,FULL FRAME,https://www.youtube.com/watch?v=a5NSsEVFXSU
leo_a5NSsEVFXSU_5883.jpg,127,132,346,227,FULL FRAME,https://www.youtube.com/watch?v=a5NSsEVFXSU
leo_a5NSsEVFXSU_5957.jpg,115,148,342,236,FULL FRAME,https://www.youtube.com/watch?v=a5NSsEVFXSU
leo_535rPHVtif4_1980.jpg,268,0,637,354,FULL FRAME,https://www.youtube.com/watch?v=535rPHVtif4
leo_535rPHVtif4_2025.jpg,278,0,578,354,FULL FRAME,https://www.youtube.com/watch?v=535rPHVtif4
leo_535rPHVtif4_5715.jpg,310,16,614,354,FULL FRAME,https://www.youtube.com/watch?v=535rPHVtif4
leo_7wfmZ351e-k_1215.jpg,102,70,362,302,FULL FRAME,https://www.youtube.com/watch?v=7wfmZ351e-k
leo_OSaUa1ogD70_2115.jpg,212,64,415,158,FULL FRAME,https://www.youtube.com/watch?v=OSaUa1ogD70
leo_OSaUa1ogD70_2970.jpg,353,141,490,249,FULL FRAME,https://www.youtube.com/watch?v=OSaUa1ogD70
leo_NSFocBbXPmE_11610.jpg,0,137,88,279,FULL FRAME,https://www.youtube.com/watch?v=NSFocBbXPmE
leo_NSFocBbXPmE_25560.jpg,217,51,496,261,FULL FRAME,https://www.youtube.com/watch?v=NSFocBbXPmE
leo_NSFocBbXPmE_26010.jpg,148,73,482,325,FULL FRAME,https://www.youtube.com/watch?v=NSFocBbXPmE
leo_NSFocBbXPmE_26100.jpg,148,98,493,319,FULL FRAME,https://www.youtube.com/watch?v=NSFocBbXPmE
leo_NSFocBbXPmE_26145.jpg,146,58,476,317,FULL FRAME,https://www.youtube.com/watch?v=NSFocBbXPmE
leo_NSFocBbXPmE_26235.jpg,149,90,476,316,FULL FRAME,https://www.youtube.com/watch?v=NSFocBbXPmE
leo_NSFocBbXPmE_26280.jpg,149,85,449,320,FULL FRAME,https://www.youtube.com/watch?v=NSFocBbXPmE
leo_NSFocBbXPmE_26415.jpg,148,84,462,317,FULL FRAME,https://www.youtube.com/watch?v=NSFocBbXPmE
leo_NSFocBbXPmE_26730.jpg,150,78,472,315,FULL FRAME,https://www.youtube.com/watch?v=NSFocBbXPmE
leo_1JhA4L7yCSA_405.jpg,1,2,629,351,FULL FRAME,https://www.youtube.com/watch?v=1JhA4L7yCSA
leo_1JhA4L7yCSA_450.jpg,0,1,635,352,FULL FRAME,https://www.youtube.com/watch?v=1JhA4L7yCSA
leo_1JhA4L7yCSA_495.jpg,291,1,639,307,FULL FRAME,https://www.youtube.com/watch?v=1JhA4L7yCSA
leo_1JhA4L7yCSA_540.jpg,2,0,640,353,FULL FRAME,https://www.youtube.com/watch?v=1JhA4L7yCSA
leo_1JhA4L7yCSA_585.jpg,212,0,635,352,FULL FRAME,https://www.youtube.com/watch?v=1JhA4L7yCSA
leo_1JhA4L7yCSA_630.jpg,130,0,618,353,FULL FRAME,https://www.youtube.com/watch?v=1JhA4L7yCSA
leo_1JhA4L7yCSA_1035.jpg,2,11,593,354,FULL FRAME,https://www.youtube.com/watch?v=1JhA4L7yCSA
leo_1JhA4L7yCSA_1125.jpg,316,4,609,267,FULL FRAME,https://www.youtube.com/watch?v=1JhA4L7yCSA
leo_1JhA4L7yCSA_1170.jpg,279,0,614,276,FULL FRAME,https://www.youtube.com/watch?v=1JhA4L7yCSA
leo_1JhA4L7yCSA_1215.jpg,0,1,613,352,FULL FRAME,https://www.youtube.com/watch?v=1JhA4L7yCSA
leo_1JhA4L7yCSA_1260.jpg,279,0,605,309,FULL FRAME,https://www.youtube.com/watch?v=1JhA4L7yCSA
leo_1JhA4L7yCSA_1260.jpg,1,1,616,352,FULL FRAME,https://www.youtube.com/watch?v=1JhA4L7yCSA
leo_1JhA4L7yCSA_1305.jpg,268,0,614,302,FULL FRAME,https://www.youtube.com/watch?v=1JhA4L7yCSA
leo_1JhA4L7yCSA_1350.jpg,1,1,625,353,FULL FRAME,https://www.youtube.com/watch?v=1JhA4L7yCSA
leo_1JhA4L7yCSA_1395.jpg,246,0,624,323,FULL FRAME,https://www.youtube.com/watch?v=1JhA4L7yCSA
leo_1JhA4L7yCSA_1395.jpg,0,1,634,353,FULL FRAME,https://www.youtube.com/watch?v=1JhA4L7yCSA
leo_1JhA4L7yCSA_1485.jpg,137,0,615,343,FULL FRAME,https://www.youtube.com/watch?v=1JhA4L7yCSA
leo_1JhA4L7yCSA_1530.jpg,141,0,634,352,FULL FRAME,https://www.youtube.com/watch?v=1JhA4L7yCSA
leo_1JhA4L7yCSA_4545.jpg,195,153,387,277,FULL FRAME,https://www.youtube.com/watch?v=1JhA4L7yCSA
leo_1JhA4L7yCSA_6030.jpg,147,137,320,280,FULL FRAME,https://www.youtube.com/watch?v=1JhA4L7yCSA
leo_1JhA4L7yCSA_6165.jpg,117,130,323,269,FULL FRAME,https://www.youtube.com/watch?v=1JhA4L7yCSA
leo_KSAe8weV8bs_34.jpg,104,2,405,325,FULL FRAME,https://www.youtube.com/watch?v=KSAe8weV8bs
leo_KSAe8weV8bs_68.jpg,78,73,381,328,FULL FRAME,https://www.youtube.com/watch?v=KSAe8weV8bs
leo_KSAe8weV8bs_136.jpg,71,3,375,329,FULL FRAME,https://www.youtube.com/watch?v=KSAe8weV8bs
leo_KSAe8weV8bs_2958.jpg,104,60,410,326,FULL FRAME,https://www.youtube.com/watch?v=KSAe8weV8bs
leo_KSAe8weV8bs_3026.jpg,75,2,381,327,FULL FRAME,https://www.youtube.com/watch?v=KSAe8weV8bs
leo_KSAe8weV8bs_3060.jpg,73,73,373,329,FULL FRAME,https://www.youtube.com/watch?v=KSAe8weV8bs
leo_KSAe8weV8bs_3128.jpg,66,1,371,327,FULL FRAME,https://www.youtube.com/watch?v=KSAe8weV8bs
leo_DUIhEOjku_s_1620.jpg,369,38,514,181,FULL FRAME,https://www.youtube.com/watch?v=DUIhEOjku_s
leo_DUIhEOjku_s_1710.jpg,377,100,524,252,FULL FRAME,https://www.youtube.com/watch?v=DUIhEOjku_s
leo_4YgfT8SbH9s_989.jpg,0,0,384,358,FULL FRAME,https://www.youtube.com/watch?v=4YgfT8SbH9s
leo_4YgfT8SbH9s_1032.jpg,0,1,342,359,FULL FRAME,https://www.youtube.com/watch?v=4YgfT8SbH9s
leo_PPgW0DsCZ0Y_2700.jpg,370,127,517,351,FULL FRAME,https://www.youtube.com/watch?v=PPgW0DsCZ0Y
leo_PPgW0DsCZ0Y_6300.jpg,160,59,463,354,FULL FRAME,https://www.youtube.com/watch?v=PPgW0DsCZ0Y
leo_PPgW0DsCZ0Y_6345.jpg,154,1,455,354,FULL FRAME,https://www.youtube.com/watch?v=PPgW0DsCZ0Y
leo_PPgW0DsCZ0Y_8640.jpg,328,272,368,317,FULL FRAME,https://www.youtube.com/watch?v=PPgW0DsCZ0Y
leo_2t1Dgr1C_fg_2430.jpg,276,166,463,264,FULL FRAME,https://www.youtube.com/watch?v=2t1Dgr1C_fg
leo_2t1Dgr1C_fg_3015.jpg,160,144,450,296,FULL FRAME,https://www.youtube.com/watch?v=2t1Dgr1C_fg
leo_QHkm7lZ9Ows_468.jpg,244,89,314,169,FULL FRAME,https://www.youtube.com/watch?v=QHkm7lZ9Ows
leo_QHkm7lZ9Ows_648.jpg,211,70,262,123,FULL FRAME,https://www.youtube.com/watch?v=QHkm7lZ9Ows
leo_QHkm7lZ9Ows_684.jpg,340,133,391,195,FULL FRAME,https://www.youtube.com/watch?v=QHkm7lZ9Ows
leo_QHkm7lZ9Ows_864.jpg,328,242,374,290,FULL FRAME,https://www.youtube.com/watch?v=QHkm7lZ9Ows
leo_QHkm7lZ9Ows_3924.jpg,298,87,532,277,FULL FRAME,https://www.youtube.com/watch?v=QHkm7lZ9Ows
leo_QHkm7lZ9Ows_11772.jpg,166,116,397,307,FULL FRAME,https://www.youtube.com/watch?v=QHkm7lZ9Ows
leo_QHkm7lZ9Ows_11916.jpg,218,46,388,309,FULL FRAME,https://www.youtube.com/watch?v=QHkm7lZ9Ows
leo_QHkm7lZ9Ows_11916.jpg,82,145,243,335,FULL FRAME,https://www.youtube.com/watch?v=QHkm7lZ9Ows
leo_QHkm7lZ9Ows_11916.jpg,382,134,502,274,FULL FRAME,https://www.youtube.com/watch?v=QHkm7lZ9Ows
leo_QHkm7lZ9Ows_12024.jpg,454,179,560,277,FULL FRAME,https://www.youtube.com/watch?v=QHkm7lZ9Ows
leo_QHkm7lZ9Ows_12060.jpg,176,31,487,335,FULL FRAME,https://www.youtube.com/watch?v=QHkm7lZ9Ows
leo_QHkm7lZ9Ows_12492.jpg,322,61,454,289,FULL FRAME,https://www.youtube.com/watch?v=QHkm7lZ9Ows
leo_QHkm7lZ9Ows_12636.jpg,175,36,532,324,FULL FRAME,https://www.youtube.com/watch?v=QHkm7lZ9Ows
leo_QHkm7lZ9Ows_12636.jpg,349,186,546,334,FULL FRAME,https://www.youtube.com/watch?v=QHkm7lZ9Ows
leo_QHkm7lZ9Ows_12636.jpg,98,189,189,319,FULL FRAME,https://www.youtube.com/watch?v=QHkm7lZ9Ows
leo_QHkm7lZ9Ows_12672.jpg,152,30,525,329,FULL FRAME,https://www.youtube.com/watch?v=QHkm7lZ9Ows
leo_QHkm7lZ9Ows_12708.jpg,184,24,533,331,FULL FRAME,https://www.youtube.com/watch?v=QHkm7lZ9Ows
leo_QHkm7lZ9Ows_12708.jpg,341,192,540,335,FULL FRAME,https://www.youtube.com/watch?v=QHkm7lZ9Ows
leo_QHkm7lZ9Ows_12708.jpg,91,156,310,327,FULL FRAME,https://www.youtube.com/watch?v=QHkm7lZ9Ows
leo_QHkm7lZ9Ows_12816.jpg,72,148,212,335,FULL FRAME,https://www.youtube.com/watch?v=QHkm7lZ9Ows
leo_QHkm7lZ9Ows_12816.jpg,168,234,257,334,FULL FRAME,https://www.youtube.com/watch?v=QHkm7lZ9Ows
leo_QHkm7lZ9Ows_12816.jpg,275,152,455,335,FULL FRAME,https://www.youtube.com/watch?v=QHkm7lZ9Ows
leo_QHkm7lZ9Ows_12816.jpg,196,48,325,326,FULL FRAME,https://www.youtube.com/watch?v=QHkm7lZ9Ows
leo_QHkm7lZ9Ows_12852.jpg,77,151,202,334,FULL FRAME,https://www.youtube.com/watch?v=QHkm7lZ9Ows
leo_QHkm7lZ9Ows_12852.jpg,270,163,453,333,FULL FRAME,https://www.youtube.com/watch?v=QHkm7lZ9Ows
leo_QHkm7lZ9Ows_12852.jpg,168,227,247,334,FULL FRAME,https://www.youtube.com/watch?v=QHkm7lZ9Ows
leo_QHkm7lZ9Ows_12996.jpg,0,24,638,336,FULL FRAME,https://www.youtube.com/watch?v=QHkm7lZ9Ows
leo_QHkm7lZ9Ows_13464.jpg,173,23,639,335,FULL FRAME,https://www.youtube.com/watch?v=QHkm7lZ9Ows
leo_QHkm7lZ9Ows_13536.jpg,59,24,376,336,FULL FRAME,https://www.youtube.com/watch?v=QHkm7lZ9Ows
leo_QHkm7lZ9Ows_18864.jpg,256,274,308,323,FULL FRAME,https://www.youtube.com/watch?v=QHkm7lZ9Ows
leo_QHkm7lZ9Ows_18900.jpg,200,276,255,322,FULL FRAME,https://www.youtube.com/watch?v=QHkm7lZ9Ows
leo_Mg05oc2a0Zo_21371.jpg,280,103,385,251,FULL FRAME,https://www.youtube.com/watch?v=Mg05oc2a0Zo
leo_qkZPHnsdEsA_1887.jpg,243,68,465,234,FULL FRAME,https://www.youtube.com/watch?v=qkZPHnsdEsA
leo_qkZPHnsdEsA_2331.jpg,295,164,552,300,FULL FRAME,https://www.youtube.com/watch?v=qkZPHnsdEsA
leo_qkZPHnsdEsA_2738.jpg,315,105,614,305,FULL FRAME,https://www.youtube.com/watch?v=qkZPHnsdEsA
leo_6uKgtxBhsCU_360.jpg,158,229,342,308,FULL FRAME,https://www.youtube.com/watch?v=6uKgtxBhsCU
leo_6uKgtxBhsCU_35010.jpg,325,211,427,278,FULL FRAME,https://www.youtube.com/watch?v=6uKgtxBhsCU
leo_6uKgtxBhsCU_35055.jpg,261,196,386,275,FULL FRAME,https://www.youtube.com/watch?v=6uKgtxBhsCU
leo_6uKgtxBhsCU_35145.jpg,220,216,342,261,FULL FRAME,https://www.youtube.com/watch?v=6uKgtxBhsCU
leo_6uKgtxBhsCU_44145.jpg,225,185,405,298,FULL FRAME,https://www.youtube.com/watch?v=6uKgtxBhsCU
leo_6uKgtxBhsCU_65790.jpg,412,224,503,291,FULL FRAME,https://www.youtube.com/watch?v=6uKgtxBhsCU
leo_6uKgtxBhsCU_66195.jpg,204,220,325,277,FULL FRAME,https://www.youtube.com/watch?v=6uKgtxBhsCU
leo_glsCBOGAf8k_111.jpg,142,134,306,212,SURGICAL CROP,https://www.youtube.com/watch?v=glsCBOGAf8k
leo_glsCBOGAf8k_1850.jpg,87,141,224,226,SURGICAL CROP,https://www.youtube.com/watch?v=glsCBOGAf8k
leo_glsCBOGAf8k_1887.jpg,43,137,231,245,SURGICAL CROP,https://www.youtube.com/watch?v=glsCBOGAf8k
leo_7ZifM6Lz2zs_481.jpg,233,67,409,249,FULL FRAME,https://www.youtube.com/watch?v=7ZifM6Lz2zs
leo_7ZifM6Lz2zs_666.jpg,1,103,322,287,FULL FRAME,https://www.youtube.com/watch?v=7ZifM6Lz2zs
leo_7ZifM6Lz2zs_999.jpg,1,134,217,319,FULL FRAME,https://www.youtube.com/watch?v=7ZifM6Lz2zs
leo_7ZifM6Lz2zs_1036.jpg,164,124,456,230,FULL FRAME,https://www.youtube.com/watch?v=7ZifM6Lz2zs
leo_7ZifM6Lz2zs_1221.jpg,95,41,522,328,FULL FRAME,https://www.youtube.com/watch?v=7ZifM6Lz2zs
leo_7ZifM6Lz2zs_1443.jpg,0,2,500,353,FULL FRAME,https://www.youtube.com/watch?v=7ZifM6Lz2zs
leo_7ZifM6Lz2zs_1591.jpg,375,0,555,320,FULL FRAME,https://www.youtube.com/watch?v=7ZifM6Lz2zs
leo_7ZifM6Lz2zs_1665.jpg,228,57,416,356,FULL FRAME,https://www.youtube.com/watch?v=7ZifM6Lz2zs
leo_7ZifM6Lz2zs_1776.jpg,119,16,617,353,FULL FRAME,https://www.youtube.com/watch?v=7ZifM6Lz2zs
leo_7ZifM6Lz2zs_1998.jpg,91,51,639,355,FULL FRAME,https://www.youtube.com/watch?v=7ZifM6Lz2zs
leo_7ZifM6Lz2zs_2183.jpg,147,1,639,301,FULL FRAME,https://www.youtube.com/watch?v=7ZifM6Lz2zs
leo_7ZifM6Lz2zs_2220.jpg,104,0,639,301,FULL FRAME,https://www.youtube.com/watch?v=7ZifM6Lz2zs
leo_7ZifM6Lz2zs_2294.jpg,50,4,639,355,FULL FRAME,https://www.youtube.com/watch?v=7ZifM6Lz2zs
leo_7ZifM6Lz2zs_2331.jpg,51,4,639,354,FULL FRAME,https://www.youtube.com/watch?v=7ZifM6Lz2zs
leo_7ZifM6Lz2zs_2368.jpg,51,4,639,354,FULL FRAME,https://www.youtube.com/watch?v=7ZifM6Lz2zs
leo_7ZifM6Lz2zs_2442.jpg,75,35,639,349,FULL FRAME,https://www.youtube.com/watch?v=7ZifM6Lz2zs
leo_bf9FyLElxMU_1080.jpg,0,29,318,245,FULL FRAME,https://www.youtube.com/watch?v=bf9FyLElxMU
leo_nvrRYJ9pOCs_12240.jpg,232,54,433,352,FULL FRAME,https://www.youtube.com/watch?v=nvrRYJ9pOCs
leo_nvrRYJ9pOCs_26910.jpg,194,159,409,254,FULL FRAME,https://www.youtube.com/watch?v=nvrRYJ9pOCs
leo_1nBx0R4Zyms_24120.jpg,249,121,420,196,FULL FRAME,https://www.youtube.com/watch?v=1nBx0R4Zyms
leo_xvyz6ZL8tTI_1480.jpg,0,1,638,354,FULL FRAME,https://www.youtube.com/watch?v=xvyz6ZL8tTI
leo_xvyz6ZL8tTI_1702.jpg,100,45,548,336,FULL FRAME,https://www.youtube.com/watch?v=xvyz6ZL8tTI
leo_xvyz6ZL8tTI_1961.jpg,0,1,639,354,FULL FRAME,https://www.youtube.com/watch?v=xvyz6ZL8tTI
leo_xvyz6ZL8tTI_1998.jpg,0,1,640,354,FULL FRAME,https://www.youtube.com/watch?v=xvyz6ZL8tTI
leo_xvyz6ZL8tTI_2035.jpg,1,1,639,354,FULL FRAME,https://www.youtube.com/watch?v=xvyz6ZL8tTI
leo_xvyz6ZL8tTI_2109.jpg,0,2,638,353,FULL FRAME,https://www.youtube.com/watch?v=xvyz6ZL8tTI
leo_xvyz6ZL8tTI_2183.jpg,0,1,639,354,FULL FRAME,https://www.youtube.com/watch?v=xvyz6ZL8tTI
leo_xvyz6ZL8tTI_2220.jpg,1,1,639,354,FULL FRAME,https://www.youtube.com/watch?v=xvyz6ZL8tTI
leo_xvyz6ZL8tTI_2257.jpg,0,1,640,354,FULL FRAME,https://www.youtube.com/watch?v=xvyz6ZL8tTI
leo_xvyz6ZL8tTI_2294.jpg,1,1,619,354,FULL FRAME,https://www.youtube.com/watch?v=xvyz6ZL8tTI
leo_xvyz6ZL8tTI_2331.jpg,1,1,609,354,FULL FRAME,https://www.youtube.com/watch?v=xvyz6ZL8tTI
leo_xvyz6ZL8tTI_2368.jpg,1,1,612,354,FULL FRAME,https://www.youtube.com/watch?v=xvyz6ZL8tTI
leo_xvyz6ZL8tTI_2405.jpg,1,0,597,354,FULL FRAME,https://www.youtube.com/watch?v=xvyz6ZL8tTI
leo_xvyz6ZL8tTI_2442.jpg,1,0,634,353,FULL FRAME,https://www.youtube.com/watch?v=xvyz6ZL8tTI
leo_xvyz6ZL8tTI_2553.jpg,64,5,361,353,FULL FRAME,https://www.youtube.com/watch?v=xvyz6ZL8tTI
leo_xvyz6ZL8tTI_2590.jpg,62,14,360,352,FULL FRAME,https://www.youtube.com/watch?v=xvyz6ZL8tTI
leo_xvyz6ZL8tTI_2590.jpg,297,3,639,352,FULL FRAME,https://www.youtube.com/watch?v=xvyz6ZL8tTI
leo_xvyz6ZL8tTI_2701.jpg,70,25,389,352,FULL FRAME,https://www.youtube.com/watch?v=xvyz6ZL8tTI
leo_xvyz6ZL8tTI_2812.jpg,1,0,638,353,FULL FRAME,https://www.youtube.com/watch?v=xvyz6ZL8tTI
leo_xvyz6ZL8tTI_2849.jpg,5,3,634,353,FULL FRAME,https://www.youtube.com/watch?v=xvyz6ZL8tTI
leo_xvyz6ZL8tTI_2886.jpg,0,1,631,353,FULL FRAME,https://www.youtube.com/watch?v=xvyz6ZL8tTI
leo_xvyz6ZL8tTI_2923.jpg,2,1,622,353,FULL FRAME,https://www.youtube.com/watch?v=xvyz6ZL8tTI
leo_xvyz6ZL8tTI_2960.jpg,2,1,638,352,FULL FRAME,https://www.youtube.com/watch?v=xvyz6ZL8tTI
leo_xvyz6ZL8tTI_5513.jpg,56,1,587,352,FULL FRAME,https://www.youtube.com/watch?v=xvyz6ZL8tTI
leo_xvyz6ZL8tTI_5550.jpg,59,0,612,354,FULL FRAME,https://www.youtube.com/watch?v=xvyz6ZL8tTI
leo_xvyz6ZL8tTI_5587.jpg,10,1,604,355,FULL FRAME,https://www.youtube.com/watch?v=xvyz6ZL8tTI
leo_xvyz6ZL8tTI_6549.jpg,280,0,639,354,FULL FRAME,https://www.youtube.com/watch?v=xvyz6ZL8tTI
leo_xvyz6ZL8tTI_7363.jpg,175,46,550,344,FULL FRAME,https://www.youtube.com/watch?v=xvyz6ZL8tTI
leo_xvyz6ZL8tTI_7696.jpg,383,1,639,329,FULL FRAME,https://www.youtube.com/watch?v=xvyz6ZL8tTI
leo_xvyz6ZL8tTI_8362.jpg,165,49,503,312,FULL FRAME,https://www.youtube.com/watch?v=xvyz6ZL8tTI
leo_xvyz6ZL8tTI_8399.jpg,143,79,479,322,FULL FRAME,https://www.youtube.com/watch?v=xvyz6ZL8tTI
leo_xvyz6ZL8tTI_8991.jpg,4,2,421,349,FULL FRAME,https://www.youtube.com/watch?v=xvyz6ZL8tTI
leo_xvyz6ZL8tTI_9657.jpg,23,15,575,354,FULL FRAME,https://www.youtube.com/watch?v=xvyz6ZL8tTI
leo_xvyz6ZL8tTI_9768.jpg,62,1,618,355,FULL FRAME,https://www.youtube.com/watch?v=xvyz6ZL8tTI
leo_xvyz6ZL8tTI_9768.jpg,63,6,440,354,FULL FRAME,https://www.youtube.com/watch?v=xvyz6ZL8tTI
leo_xvyz6ZL8tTI_9805.jpg,89,1,639,352,FULL FRAME,https://www.youtube.com/watch?v=xvyz6ZL8tTI
leo_xvyz6ZL8tTI_10989.jpg,46,21,560,355,FULL FRAME,https://www.youtube.com/watch?v=xvyz6ZL8tTI
leo_xvyz6ZL8tTI_12839.jpg,33,1,638,352,FULL FRAME,https://www.youtube.com/watch?v=xvyz6ZL8tTI
leo_xvyz6ZL8tTI_13135.jpg,221,4,591,338,FULL FRAME,https://www.youtube.com/watch?v=xvyz6ZL8tTI
leo_xvyz6ZL8tTI_13283.jpg,142,64,352,296,FULL FRAME,https://www.youtube.com/watch?v=xvyz6ZL8tTI
leo_xvyz6ZL8tTI_14504.jpg,133,28,639,354,FULL FRAME,https://www.youtube.com/watch?v=xvyz6ZL8tTI
leo_xvyz6ZL8tTI_14541.jpg,130,60,639,354,FULL FRAME,https://www.youtube.com/watch?v=xvyz6ZL8tTI
leo_xvyz6ZL8tTI_14615.jpg,143,33,429,353,FULL FRAME,https://www.youtube.com/watch?v=xvyz6ZL8tTI
leo_xvyz6ZL8tTI_14652.jpg,155,3,639,353,FULL FRAME,https://www.youtube.com/watch?v=xvyz6ZL8tTI
leo_xvyz6ZL8tTI_14726.jpg,133,98,495,328,FULL FRAME,https://www.youtube.com/watch?v=xvyz6ZL8tTI
leo_xvyz6ZL8tTI_15170.jpg,172,39,461,337,FULL FRAME,https://www.youtube.com/watch?v=xvyz6ZL8tTI
leo_xvyz6ZL8tTI_15207.jpg,185,57,552,351,FULL FRAME,https://www.youtube.com/watch?v=xvyz6ZL8tTI
leo_xvyz6ZL8tTI_15540.jpg,1,1,543,352,FULL FRAME,https://www.youtube.com/watch?v=xvyz6ZL8tTI
leo_xvyz6ZL8tTI_15614.jpg,1,0,553,354,FULL FRAME,https://www.youtube.com/watch?v=xvyz6ZL8tTI
leo_xvyz6ZL8tTI_23421.jpg,0,1,478,344,FULL FRAME,https://www.youtube.com/watch?v=xvyz6ZL8tTI
leo_xvyz6ZL8tTI_23458.jpg,2,1,566,318,FULL FRAME,https://www.youtube.com/watch?v=xvyz6ZL8tTI
leo_xvyz6ZL8tTI_23495.jpg,2,3,520,343,FULL FRAME,https://www.youtube.com/watch?v=xvyz6ZL8tTI
leo_xvyz6ZL8tTI_23532.jpg,2,0,639,351,FULL FRAME,https://www.youtube.com/watch?v=xvyz6ZL8tTI
leo_xvyz6ZL8tTI_23865.jpg,159,107,452,286,FULL FRAME,https://www.youtube.com/watch?v=xvyz6ZL8tTI
leo_xvyz6ZL8tTI_24753.jpg,258,2,585,354,FULL FRAME,https://www.youtube.com/watch?v=xvyz6ZL8tTI
leo_xvyz6ZL8tTI_24901.jpg,225,11,639,353,FULL FRAME,https://www.youtube.com/watch?v=xvyz6ZL8tTI
leo_xvyz6ZL8tTI_26714.jpg,403,23,639,275,FULL FRAME,https://www.youtube.com/watch?v=xvyz6ZL8tTI
leo_xvyz6ZL8tTI_26973.jpg,286,5,639,353,FULL FRAME,https://www.youtube.com/watch?v=xvyz6ZL8tTI
leo_xvyz6ZL8tTI_27010.jpg,284,12,639,353,FULL FRAME,https://www.youtube.com/watch?v=xvyz6ZL8tTI
leo_xvyz6ZL8tTI_29341.jpg,263,15,638,353,FULL FRAME,https://www.youtube.com/watch?v=xvyz6ZL8tTI
leo_xvyz6ZL8tTI_29563.jpg,183,35,638,353,FULL FRAME,https://www.youtube.com/watch?v=xvyz6ZL8tTI
leo_xvyz6ZL8tTI_30303.jpg,101,42,638,353,FULL FRAME,https://www.youtube.com/watch?v=xvyz6ZL8tTI
leo_xvyz6ZL8tTI_30377.jpg,9,42,285,312,FULL FRAME,https://www.youtube.com/watch?v=xvyz6ZL8tTI
leo_xvyz6ZL8tTI_30377.jpg,236,42,639,351,FULL FRAME,https://www.youtube.com/watch?v=xvyz6ZL8tTI
leo_xvyz6ZL8tTI_30488.jpg,158,8,637,333,FULL FRAME,https://www.youtube.com/watch?v=xvyz6ZL8tTI
leo_xvyz6ZL8tTI_30821.jpg,90,0,639,350,FULL FRAME,https://www.youtube.com/watch?v=xvyz6ZL8tTI
leo_xvyz6ZL8tTI_30858.jpg,60,52,640,340,FULL FRAME,https://www.youtube.com/watch?v=xvyz6ZL8tTI
leo_xvyz6ZL8tTI_30895.jpg,236,42,639,337,FULL FRAME,https://www.youtube.com/watch?v=xvyz6ZL8tTI
leo_xvyz6ZL8tTI_30969.jpg,0,21,485,354,FULL FRAME,https://www.youtube.com/watch?v=xvyz6ZL8tTI
leo_xvyz6ZL8tTI_31006.jpg,2,34,637,354,FULL FRAME,https://www.youtube.com/watch?v=xvyz6ZL8tTI
leo_xvyz6ZL8tTI_31783.jpg,3,1,639,353,FULL FRAME,https://www.youtube.com/watch?v=xvyz6ZL8tTI
leo_xvyz6ZL8tTI_31820.jpg,2,1,639,353,FULL FRAME,https://www.youtube.com/watch?v=xvyz6ZL8tTI
leo_xvyz6ZL8tTI_32079.jpg,239,1,639,354,FULL FRAME,https://www.youtube.com/watch?v=xvyz6ZL8tTI
leo_xvyz6ZL8tTI_32116.jpg,249,1,639,353,FULL FRAME,https://www.youtube.com/watch?v=xvyz6ZL8tTI
leo_xvyz6ZL8tTI_32153.jpg,298,1,639,353,FULL FRAME,https://www.youtube.com/watch?v=xvyz6ZL8tTI
leo_xvyz6ZL8tTI_32708.jpg,3,1,637,353,FULL FRAME,https://www.youtube.com/watch?v=xvyz6ZL8tTI
leo_xvyz6ZL8tTI_33263.jpg,0,89,548,333,FULL FRAME,https://www.youtube.com/watch?v=xvyz6ZL8tTI
leo_xvyz6ZL8tTI_33855.jpg,0,0,532,354,FULL FRAME,https://www.youtube.com/watch?v=xvyz6ZL8tTI
leo_xvyz6ZL8tTI_33892.jpg,0,0,456,353,FULL FRAME,https://www.youtube.com/watch?v=xvyz6ZL8tTI
leo_xvyz6ZL8tTI_33929.jpg,183,116,383,250,FULL FRAME,https://www.youtube.com/watch?v=xvyz6ZL8tTI
leo_xvyz6ZL8tTI_34040.jpg,0,26,484,355,FULL FRAME,https://www.youtube.com/watch?v=xvyz6ZL8tTI
leo_xvyz6ZL8tTI_35224.jpg,0,30,422,327,FULL FRAME,https://www.youtube.com/watch?v=xvyz6ZL8tTI
leo_xvyz6ZL8tTI_35816.jpg,56,5,638,354,FULL FRAME,https://www.youtube.com/watch?v=xvyz6ZL8tTI
leo_xvyz6ZL8tTI_35853.jpg,0,32,639,354,FULL FRAME,https://www.youtube.com/watch?v=xvyz6ZL8tTI
leo_xvyz6ZL8tTI_35890.jpg,0,12,622,353,FULL FRAME,https://www.youtube.com/watch?v=xvyz6ZL8tTI
leo_xvyz6ZL8tTI_35927.jpg,0,1,571,355,FULL FRAME,https://www.youtube.com/watch?v=xvyz6ZL8tTI
leo_xvyz6ZL8tTI_36445.jpg,41,0,584,355,FULL FRAME,https://www.youtube.com/watch?v=xvyz6ZL8tTI
leo_xvyz6ZL8tTI_36482.jpg,41,0,570,354,FULL FRAME,https://www.youtube.com/watch?v=xvyz6ZL8tTI
leo_xvyz6ZL8tTI_36519.jpg,51,1,573,354,FULL FRAME,https://www.youtube.com/watch?v=xvyz6ZL8tTI
leo_xvyz6ZL8tTI_36593.jpg,452,56,564,178,FULL FRAME,https://www.youtube.com/watch?v=xvyz6ZL8tTI
leo_xvyz6ZL8tTI_37518.jpg,349,95,502,297,FULL FRAME,https://www.youtube.com/watch?v=xvyz6ZL8tTI
leo_xvyz6ZL8tTI_37592.jpg,310,133,448,312,FULL FRAME,https://www.youtube.com/watch?v=xvyz6ZL8tTI
leo_xvyz6ZL8tTI_37629.jpg,303,129,450,321,FULL FRAME,https://www.youtube.com/watch?v=xvyz6ZL8tTI
leo_xvyz6ZL8tTI_37666.jpg,307,133,448,317,FULL FRAME,https://www.youtube.com/watch?v=xvyz6ZL8tTI
leo_xvyz6ZL8tTI_37703.jpg,306,164,450,355,FULL FRAME,https://www.youtube.com/watch?v=xvyz6ZL8tTI
leo_xvyz6ZL8tTI_38406.jpg,104,1,638,353,FULL FRAME,https://www.youtube.com/watch?v=xvyz6ZL8tTI
leo_xvyz6ZL8tTI_38702.jpg,373,53,480,178,FULL FRAME,https://www.youtube.com/watch?v=xvyz6ZL8tTI
leo_xvyz6ZL8tTI_39257.jpg,49,189,249,357,FULL FRAME,https://www.youtube.com/watch?v=xvyz6ZL8tTI
leo_xvyz6ZL8tTI_39442.jpg,483,153,626,342,FULL FRAME,https://www.youtube.com/watch?v=xvyz6ZL8tTI
leo_xvyz6ZL8tTI_39553.jpg,490,152,600,305,FULL FRAME,https://www.youtube.com/watch?v=xvyz6ZL8tTI
leo_xvyz6ZL8tTI_40663.jpg,176,63,399,309,FULL FRAME,https://www.youtube.com/watch?v=xvyz6ZL8tTI
leo_xvyz6ZL8tTI_40663.jpg,230,64,399,231,FULL FRAME,https://www.youtube.com/watch?v=xvyz6ZL8tTI
leo_xvyz6ZL8tTI_40700.jpg,230,72,397,222,FULL FRAME,https://www.youtube.com/watch?v=xvyz6ZL8tTI
leo_xvyz6ZL8tTI_40700.jpg,230,72,359,205,FULL FRAME,https://www.youtube.com/watch?v=xvyz6ZL8tTI
leo_xvyz6ZL8tTI_40737.jpg,183,46,410,292,FULL FRAME,https://www.youtube.com/watch?v=xvyz6ZL8tTI
leo_xvyz6ZL8tTI_41440.jpg,0,1,365,312,FULL FRAME,https://www.youtube.com/watch?v=xvyz6ZL8tTI
leo_xvyz6ZL8tTI_42661.jpg,191,14,477,260,FULL FRAME,https://www.youtube.com/watch?v=xvyz6ZL8tTI
leo_xvyz6ZL8tTI_49469.jpg,420,212,605,356,FULL FRAME,https://www.youtube.com/watch?v=xvyz6ZL8tTI
leo_xvyz6ZL8tTI_50024.jpg,356,213,434,288,FULL FRAME,https://www.youtube.com/watch?v=xvyz6ZL8tTI
leo_xvyz6ZL8tTI_50727.jpg,339,134,509,242,FULL FRAME,https://www.youtube.com/watch?v=xvyz6ZL8tTI
leo_xvyz6ZL8tTI_50838.jpg,1,0,367,353,FULL FRAME,https://www.youtube.com/watch?v=xvyz6ZL8tTI
leo_xvyz6ZL8tTI_50875.jpg,0,1,480,352,FULL FRAME,https://www.youtube.com/watch?v=xvyz6ZL8tTI
leo_xvyz6ZL8tTI_51393.jpg,1,1,639,353,FULL FRAME,https://www.youtube.com/watch?v=xvyz6ZL8tTI
leo_xvyz6ZL8tTI_51430.jpg,34,1,639,354,FULL FRAME,https://www.youtube.com/watch?v=xvyz6ZL8tTI
leo_xvyz6ZL8tTI_51467.jpg,343,108,484,304,FULL FRAME,https://www.youtube.com/watch?v=xvyz6ZL8tTI
leo_xvyz6ZL8tTI_51726.jpg,384,149,471,296,FULL FRAME,https://www.youtube.com/watch?v=xvyz6ZL8tTI
leo_xvyz6ZL8tTI_51763.jpg,376,153,473,297,FULL FRAME,https://www.youtube.com/watch?v=xvyz6ZL8tTI
leo_xvyz6ZL8tTI_52133.jpg,331,87,465,322,FULL FRAME,https://www.youtube.com/watch?v=xvyz6ZL8tTI
leo_xvyz6ZL8tTI_52355.jpg,314,40,640,293,FULL FRAME,https://www.youtube.com/watch?v=xvyz6ZL8tTI
leo_xvyz6ZL8tTI_52762.jpg,26,0,639,353,FULL FRAME,https://www.youtube.com/watch?v=xvyz6ZL8tTI
leo_xvyz6ZL8tTI_52984.jpg,112,48,500,300,FULL FRAME,https://www.youtube.com/watch?v=xvyz6ZL8tTI
leo_xvyz6ZL8tTI_52984.jpg,207,93,498,299,FULL FRAME,https://www.youtube.com/watch?v=xvyz6ZL8tTI
leo_xvyz6ZL8tTI_52984.jpg,0,47,246,297,FULL FRAME,https://www.youtube.com/watch?v=xvyz6ZL8tTI
leo_xvyz6ZL8tTI_53132.jpg,102,139,263,289,FULL FRAME,https://www.youtube.com/watch?v=xvyz6ZL8tTI
leo_xvyz6ZL8tTI_53613.jpg,77,69,482,270,FULL FRAME,https://www.youtube.com/watch?v=xvyz6ZL8tTI
leo_xvyz6ZL8tTI_54501.jpg,191,47,639,329,FULL FRAME,https://www.youtube.com/watch?v=xvyz6ZL8tTI
leo_xvyz6ZL8tTI_54760.jpg,238,1,639,353,FULL FRAME,https://www.youtube.com/watch?v=xvyz6ZL8tTI
leo_xvyz6ZL8tTI_55574.jpg,225,17,328,193,FULL FRAME,https://www.youtube.com/watch?v=xvyz6ZL8tTI
leo_xvyz6ZL8tTI_56203.jpg,127,50,318,274,FULL FRAME,https://www.youtube.com/watch?v=xvyz6ZL8tTI
leo_xvyz6ZL8tTI_56499.jpg,156,0,631,354,FULL FRAME,https://www.youtube.com/watch?v=xvyz6ZL8tTI
leo_xvyz6ZL8tTI_56536.jpg,147,0,632,355,FULL FRAME,https://www.youtube.com/watch?v=xvyz6ZL8tTI
leo_xvyz6ZL8tTI_56610.jpg,215,63,435,248,FULL FRAME,https://www.youtube.com/watch?v=xvyz6ZL8tTI
leo_xvyz6ZL8tTI_56684.jpg,213,23,439,250,FULL FRAME,https://www.youtube.com/watch?v=xvyz6ZL8tTI
leo_xvyz6ZL8tTI_57239.jpg,247,108,319,207,FULL FRAME,https://www.youtube.com/watch?v=xvyz6ZL8tTI
leo_xvyz6ZL8tTI_58608.jpg,188,4,640,349,FULL FRAME,https://www.youtube.com/watch?v=xvyz6ZL8tTI
leo_xvyz6ZL8tTI_64824.jpg,107,72,257,226,FULL FRAME,https://www.youtube.com/watch?v=xvyz6ZL8tTI
leo_xvyz6ZL8tTI_65083.jpg,264,42,440,284,FULL FRAME,https://www.youtube.com/watch?v=xvyz6ZL8tTI
leo_xvyz6ZL8tTI_65157.jpg,263,40,439,284,FULL FRAME,https://www.youtube.com/watch?v=xvyz6ZL8tTI
leo_xvyz6ZL8tTI_65564.jpg,112,25,568,354,FULL FRAME,https://www.youtube.com/watch?v=xvyz6ZL8tTI
leo_xvyz6ZL8tTI_65786.jpg,0,0,639,354,FULL FRAME,https://www.youtube.com/watch?v=xvyz6ZL8tTI
leo_xvyz6ZL8tTI_65823.jpg,6,1,639,353,FULL FRAME,https://www.youtube.com/watch?v=xvyz6ZL8tTI
leo_xvyz6ZL8tTI_65860.jpg,3,1,639,353,FULL FRAME,https://www.youtube.com/watch?v=xvyz6ZL8tTI
leo_xvyz6ZL8tTI_65971.jpg,2,0,639,353,FULL FRAME,https://www.youtube.com/watch?v=xvyz6ZL8tTI
leo_xvyz6ZL8tTI_66156.jpg,41,1,639,353,FULL FRAME,https://www.youtube.com/watch?v=xvyz6ZL8tTI
leo_xvyz6ZL8tTI_66193.jpg,21,1,638,353,FULL FRAME,https://www.youtube.com/watch?v=xvyz6ZL8tTI
leo_oX8xSIWrcjU_3552.jpg,243,77,549,331,FULL FRAME,https://www.youtube.com/watch?v=oX8xSIWrcjU
leo_oX8xSIWrcjU_3996.jpg,237,79,522,334,FULL FRAME,https://www.youtube.com/watch?v=oX8xSIWrcjU
leo_kp6ClvLIqHI_222.jpg,153,77,359,292,FULL FRAME,https://www.youtube.com/watch?v=kp6ClvLIqHI
leo_dR-TXdhIV4c_19944.jpg,294,118,389,246,FULL FRAME,https://www.youtube.com/watch?v=dR-TXdhIV4c
leo_pLJwsLH_7sg_0.jpg,0,2,481,276,FULL FRAME,https://www.youtube.com/watch?v=pLJwsLH_7sg
leo_pLJwsLH_7sg_86.jpg,0,1,563,290,FULL FRAME,https://www.youtube.com/watch?v=pLJwsLH_7sg
leo_pLJwsLH_7sg_301.jpg,0,9,579,277,FULL FRAME,https://www.youtube.com/watch?v=pLJwsLH_7sg
leo_pLJwsLH_7sg_516.jpg,176,121,370,353,FULL FRAME,https://www.youtube.com/watch?v=pLJwsLH_7sg
leo_pLJwsLH_7sg_559.jpg,215,103,372,356,FULL FRAME,https://www.youtube.com/watch?v=pLJwsLH_7sg
leo_pLJwsLH_7sg_602.jpg,190,89,369,332,FULL FRAME,https://www.youtube.com/watch?v=pLJwsLH_7sg
leo_pLJwsLH_7sg_645.jpg,244,82,401,319,FULL FRAME,https://www.youtube.com/watch?v=pLJwsLH_7sg
leo_pLJwsLH_7sg_817.jpg,170,114,535,285,FULL FRAME,https://www.youtube.com/watch?v=pLJwsLH_7sg
leo_pLJwsLH_7sg_1333.jpg,0,7,530,353,FULL FRAME,https://www.youtube.com/watch?v=pLJwsLH_7sg
leo_pLJwsLH_7sg_2322.jpg,410,216,462,283,FULL FRAME,https://www.youtube.com/watch?v=pLJwsLH_7sg
leo_pLJwsLH_7sg_2365.jpg,397,220,458,292,FULL FRAME,https://www.youtube.com/watch?v=pLJwsLH_7sg
leo_dnM3KyVsH6c_6750.jpg,1,0,566,355,FULL FRAME,https://www.youtube.com/watch?v=dnM3KyVsH6c
leo_dnM3KyVsH6c_7245.jpg,26,8,393,356,FULL FRAME,https://www.youtube.com/watch?v=dnM3KyVsH6c
leo_dnM3KyVsH6c_7425.jpg,182,46,393,355,FULL FRAME,https://www.youtube.com/watch?v=dnM3KyVsH6c
leo_dnM3KyVsH6c_7965.jpg,84,1,638,355,FULL FRAME,https://www.youtube.com/watch?v=dnM3KyVsH6c
leo_dnM3KyVsH6c_8145.jpg,136,1,638,354,FULL FRAME,https://www.youtube.com/watch?v=dnM3KyVsH6c
leo_dnM3KyVsH6c_14220.jpg,0,29,389,354,FULL FRAME,https://www.youtube.com/watch?v=dnM3KyVsH6c
leo_dnM3KyVsH6c_14850.jpg,0,27,376,354,FULL FRAME,https://www.youtube.com/watch?v=dnM3KyVsH6c
leo_dnM3KyVsH6c_20295.jpg,187,27,608,265,FULL FRAME,https://www.youtube.com/watch?v=dnM3KyVsH6c
leo_dnM3KyVsH6c_24075.jpg,0,0,498,351,FULL FRAME,https://www.youtube.com/watch?v=dnM3KyVsH6c
leo_dnM3KyVsH6c_31320.jpg,0,9,367,277,FULL FRAME,https://www.youtube.com/watch?v=dnM3KyVsH6c
leo_dnM3KyVsH6c_43020.jpg,164,0,496,354,FULL FRAME,https://www.youtube.com/watch?v=dnM3KyVsH6c
leo_dnM3KyVsH6c_52245.jpg,181,17,474,356,FULL FRAME,https://www.youtube.com/watch?v=dnM3KyVsH6c
leo_dnM3KyVsH6c_68400.jpg,45,18,396,298,FULL FRAME,https://www.youtube.com/watch?v=dnM3KyVsH6c
leo_dnM3KyVsH6c_70470.jpg,5,0,542,354,FULL FRAME,https://www.youtube.com/watch?v=dnM3KyVsH6c
leo_dnM3KyVsH6c_84330.jpg,56,19,406,302,FULL FRAME,https://www.youtube.com/watch?v=dnM3KyVsH6c
leo_dnM3KyVsH6c_113850.jpg,57,274,113,340,FULL FRAME,https://www.youtube.com/watch?v=dnM3KyVsH6c
leo_soA02hBtmqE_1295.jpg,161,41,298,117,SURGICAL CROP,https://www.youtube.com/watch?v=soA02hBtmqE
